Date,Balance,Avg Rate (for Balance)
2010-01-01,2181687.239,8.61
2010-01-02,2165628.79,8.6
2010-01-03,2127156.558,8.59
2010-01-04,2126088.389,8.59
2010-01-05,2168533.086,8.58
2010-01-06,2158361.602,8.56
2010-01-07,2161792.523,8.56
2010-01-08,2210338.749,8.57
2010-01-09,2193990.929,8.56
2010-01-10,2150953.039,8.55
2010-01-11,2137443.982,8.53
2010-01-12,2169271.724,8.44
2010-01-13,2157725.3219999997,8.42
2010-01-14,2163750.841,8.41
2010-01-15,2183177.395,8.39
2010-01-16,2158803.406,8.38
2010-01-17,2122744.956,8.36
2010-01-18,2162750.131,8.32
2010-01-19,2183650.786,8.28
2010-01-20,2188251.4390000002,8.27
2010-01-21,2198716.635,8.28
2010-01-22,2188268.579,8.25
2010-01-23,2161590.171,8.24
2010-01-24,2147768.633,8.24
2010-01-25,2089342.159,8.25
2010-01-26,2110895.558,8.3
2010-01-27,2097620.961,8.28
2010-01-28,2113567.974,8.29
2010-01-29,2186097.325,8.3
2010-01-30,2173282.601,8.29
2010-01-31,2153882.652,8.29
2010-02-01,2224239.7180000003,8.3
2010-02-02,2216512.366,8.27
2010-02-03,2208751.367,8.25
2010-02-04,2234309.8419999997,8.23
2010-02-05,2241257.895,8.22
2010-02-06,2232871.906,8.21
2010-02-07,2207765.892,8.2
2010-02-08,2245549.167,8.19
2010-02-09,2269082.61,8.17
2010-02-10,2293219.901,8.14
2010-02-11,2313262.082,8.14
2010-02-12,2315220.562,8.15
2010-02-13,2304328.425,8.14
2010-02-14,2270164.902,8.13
2010-02-15,2317146.869,8.11
2010-02-16,2313562.0519999997,8.07
2010-02-17,2339607.654,8.04
2010-02-18,2356842.027,8.03
2010-02-19,2397930.753,8.0
2010-02-20,2388942.114,8.0
2010-02-21,2368674.99,7.99
2010-02-22,2378315.117,8.01
2010-02-23,2396674.143,8.02
2010-02-24,2386198.585,8.02
2010-02-25,2356705.78,8.04
2010-02-26,2336204.2630000003,8.02
2010-02-27,2322245.966,8.01
2010-02-28,2294933.594,8.0
2010-03-01,2318052.579,8.01
2010-03-02,2339676.1040000003,8.01
2010-03-03,2354684.525,7.99
2010-03-04,2404570.9869999997,7.94
2010-03-05,2430304.478,7.91
2010-03-06,2409566.055,7.91
2010-03-07,2387852.355,7.89
2010-03-08,2417186.719,7.87
2010-03-09,2458972.3109999998,7.83
2010-03-10,2461000.839,7.81
2010-03-11,2460015.35,7.8
2010-03-12,2485701.492,7.75
2010-03-13,2470633.751,7.74
2010-03-14,2446774.8140000002,7.72
2010-03-15,2476158.375,7.68
2010-03-16,2497045.93,7.66
2010-03-17,2499534.9359999998,7.64
2010-03-18,2507622.294,7.62
2010-03-19,2524401.4669999997,7.59
2010-03-20,2506964.648,7.59
2010-03-21,2480109.844,7.58
2010-03-22,2532865.59,7.57
2010-03-23,2532018.464,7.58
2010-03-24,2547846.85,7.56
2010-03-25,2546186.262,7.54
2010-03-26,2559818.781,7.51
2010-03-27,2548537.525,7.51
2010-03-28,2529826.359,7.5
2010-03-29,2530487.531,7.48
2010-03-30,2557631.975,7.41
2010-03-31,2581005.239,7.38
2010-04-01,2623327.736,7.35
2010-04-02,2655858.588,7.3
2010-04-03,2644749.074,7.29
2010-04-04,2617816.761,7.26
2010-04-05,2580734.453,7.25
2010-04-06,2590833.014,7.23
2010-04-07,2598894.795,7.19
2010-04-08,2603529.31,7.15
2010-04-09,2622905.831,7.12
2010-04-10,2606786.761,7.12
2010-04-11,2582005.034,7.09
2010-04-12,2622946.772,7.05
2010-04-13,2672777.006,6.95
2010-04-14,2701667.599,6.91
2010-04-15,2695727.3039999995,6.89
2010-04-16,2753226.473,6.85
2010-04-17,2738338.623,6.84
2010-04-18,2713855.047,6.83
2010-04-19,2722484.1319999998,6.82
2010-04-20,2708548.005,6.85
2010-04-21,2708811.9189999998,6.82
2010-04-22,2746367.08,6.71
2010-04-23,2752224.856,6.71
2010-04-24,2742766.284,6.7
2010-04-25,2721490.62,6.69
2010-04-26,2639092.202,6.7
2010-04-27,2630007.586,6.7
2010-04-28,2619720.469,6.67
2010-04-29,2624832.476,6.65
2010-04-30,2645229.937,6.61
2010-05-01,2632222.5069999998,6.6
2010-05-02,2615382.48,6.57
2010-05-03,2598010.495,6.54
2010-05-04,2620575.596,6.5
2010-05-05,2633484.393,6.42
2010-05-06,2636751.798,6.4
2010-05-07,2635011.751,6.39
2010-05-08,2623079.994,6.38
2010-05-09,2607377.944,6.36
2010-05-10,2588980.498,6.36
2010-05-11,2592281.706,6.33
2010-05-12,2572972.375,6.29
2010-05-13,2621873.61,6.24
2010-05-14,2636986.358,6.2
2010-05-15,2626326.34,6.19
2010-05-16,2578647.249,6.17
2010-05-17,2582423.375,6.15
2010-05-18,2583331.716,6.11
2010-05-19,2550198.634,6.08
2010-05-20,2542988.784,6.06
2010-05-21,2606032.631,6.04
2010-05-22,2586064.252,6.04
2010-05-23,2566133.444,6.02
2010-05-24,2543852.49,6.0
2010-05-25,2495181.182,6.02
2010-05-26,2504018.639,6.03
2010-05-27,2499170.1969999997,6.03
2010-05-28,2522542.278,6.03
2010-05-29,2517341.845,6.03
2010-05-30,2496083.402,6.02
2010-05-31,2491883.904,6.03
2010-06-01,2519638.4590000003,6.03
2010-06-02,2553401.348,6.03
2010-06-03,2547694.735,6.02
2010-06-04,2561145.995,6.02
2010-06-05,2554520.195,6.02
2010-06-06,2536463.766,6.02
2010-06-07,2527142.599,6.0
2010-06-08,2545242.202,6.01
2010-06-09,2547796.826,6.0
2010-06-10,2570330.376,5.99
2010-06-11,2592116.706,6.0
2010-06-12,2576620.8340000003,5.99
2010-06-13,2562115.616,5.98
2010-06-14,2552012.261,5.99
2010-06-15,2532754.827,5.98
2010-06-16,2539187.976,5.97
2010-06-17,2549024.671,5.93
2010-06-18,2538580.212,5.93
2010-06-19,2531002.855,5.93
2010-06-20,2483163.855,5.92
2010-06-21,2515955.37,5.9
2010-06-22,2500506.103,5.85
2010-06-23,2507664.0409999997,5.85
2010-06-24,2483947.701,5.87
2010-06-25,2442204.2090000003,5.91
2010-06-26,2432785.009,5.9
2010-06-27,2419996.249,5.9
2010-06-28,2436936.5640000002,5.9
2010-06-29,2465867.151,5.93
2010-06-30,2467709.963,5.93
2010-07-01,2497482.337,5.92
2010-07-02,2509325.0319999997,5.92
2010-07-03,2496370.7569999998,5.9
2010-07-04,2488099.161,5.89
2010-07-05,2455992.106,5.89
2010-07-06,2468253.874,5.87
2010-07-07,2488264.3,5.86
2010-07-08,2487907.324,5.85
2010-07-09,2525897.374,5.82
2010-07-10,2518504.652,5.82
2010-07-11,2496741.258,5.81
2010-07-12,2477653.562,5.8
2010-07-13,2499348.344,5.77
2010-07-14,2485502.151,5.75
2010-07-15,2497638.4680000003,5.75
2010-07-16,2522256.66,5.76
2010-07-17,2513809.278,5.75
2010-07-18,2492015.735,5.75
2010-07-19,2478782.894,5.76
2010-07-20,2454632.626,5.77
2010-07-21,2439174.242,5.76
2010-07-22,2438105.975,5.75
2010-07-23,2441061.871,5.76
2010-07-24,2437712.515,5.76
2010-07-25,2423340.044,5.76
2010-07-26,2376274.111,5.78
2010-07-27,2383753.2,5.8
2010-07-28,2359161.13,5.8
2010-07-29,2385448.824,5.81
2010-07-30,2358364.917,5.83
2010-07-31,2337372.643,5.83
2010-08-01,2314054.5730000003,5.82
2010-08-02,2320548.297,5.82
2010-08-03,2341447.714,5.79
2010-08-04,2329737.82,5.79
2010-08-05,2341056.643,5.77
2010-08-06,2335150.465,5.76
2010-08-07,2327375.821,5.76
2010-08-08,2309550.254,5.76
2010-08-09,2332435.969,5.75
2010-08-10,2344274.23,5.74
2010-08-11,2366564.289,5.71
2010-08-12,2394040.799,5.73
2010-08-13,2394005.288,5.75
2010-08-14,2383192.9159999997,5.75
2010-08-15,2362042.795,5.74
2010-08-16,2394900.352,5.74
2010-08-17,2421465.371,5.71
2010-08-18,2412537.012,5.71
2010-08-19,2391668.754,5.75
2010-08-20,2383929.929,5.76
2010-08-21,2378406.352,5.76
2010-08-22,2350636.185,5.75
2010-08-23,2351883.476,5.78
2010-08-24,2338521.899,5.8
2010-08-25,2321418.6980000003,5.81
2010-08-26,2346372.989,5.81
2010-08-27,2367728.38,5.81
2010-08-28,2353667.722,5.8
2010-08-29,2336545.639,5.8
2010-08-30,2368827.906,5.8
2010-08-31,2397054.325,5.82
2010-09-01,2395166.778,5.81
2010-09-02,2384796.329,5.81
2010-09-03,2388620.456,5.82
2010-09-04,2375198.508,5.81
2010-09-05,2358129.171,5.81
2010-09-06,2386529.649,5.82
2010-09-07,2411516.0069999998,5.8
2010-09-08,2431295.0719999997,5.8
2010-09-09,2462487.877,5.77
2010-09-10,2463344.9,5.76
2010-09-11,2436060.3109999998,5.76
2010-09-12,2420845.851,5.76
2010-09-13,2425334.4390000002,5.75
2010-09-14,2436894.633,5.71
2010-09-15,2424104.679,5.7
2010-09-16,2451701.965,5.66
2010-09-17,2453544.04,5.66
2010-09-18,2446749.6459999997,5.65
2010-09-19,2434005.096,5.65
2010-09-20,2447564.395,5.66
2010-09-21,2378470.8540000003,5.75
2010-09-22,2388265.114,5.73
2010-09-23,2385577.083,5.73
2010-09-24,2414804.131,5.71
2010-09-25,2406686.275,5.7
2010-09-26,2359935.574,5.73
2010-09-27,2318085.6569999997,5.75
2010-09-28,2341660.079,5.73
2010-09-29,2349744.963,5.71
2010-09-30,2421848.645,5.7
2010-10-01,2489721.892,5.66
2010-10-02,2477950.36,5.65
2010-10-03,2461006.039,5.65
2010-10-04,2493139.625,5.66
2010-10-05,2479305.3680000002,5.66
2010-10-06,2457963.471,5.65
2010-10-07,2486070.333,5.66
2010-10-08,2375337.918,5.7
2010-10-09,2360137.6659999997,5.69
2010-10-10,2344631.039,5.69
2010-10-11,2336195.874,5.68
2010-10-12,2380245.122,5.67
2010-10-13,2375616.083,5.67
2010-10-14,2379519.3959999997,5.66
2010-10-15,2360087.656,5.65
2010-10-16,2346509.11,5.65
2010-10-17,2329922.776,5.64
2010-10-18,2328265.251,5.65
2010-10-19,2318471.9480000003,5.64
2010-10-20,2301477.06,5.65
2010-10-21,2346455.961,5.6
2010-10-22,2330177.1319999998,5.63
2010-10-23,2309355.006,5.63
2010-10-24,2295541.619,5.63
2010-10-25,2253387.2909999997,5.7
2010-10-26,2274332.704,5.7
2010-10-27,2259486.649,5.69
2010-10-28,2277786.043,5.68
2010-10-29,2338847.015,5.68
2010-10-30,2320506.421,5.67
2010-10-31,2311684.3880000003,5.67
2010-11-01,2336149.603,5.67
2010-11-02,2362584.8109999998,5.67
2010-11-03,2341830.563,5.66
2010-11-04,2384890.932,5.65
2010-11-05,2395771.201,5.66
2010-11-06,2379221.231,5.65
2010-11-07,2361804.1580000003,5.65
2010-11-08,2390637.012,5.66
2010-11-09,2419957.384,5.67
2010-11-10,2482307.85,5.64
2010-11-11,2488717.742,5.63
2010-11-12,2471980.425,5.63
2010-11-13,2461552.413,5.63
2010-11-14,2439801.111,5.62
2010-11-15,2417511.431,5.64
2010-11-16,2400567.653,5.64
2010-11-17,2414745.026,5.64
2010-11-18,2462347.0719999997,5.59
2010-11-19,2472756.775,5.6
2010-11-20,2467569.32,5.6
2010-11-21,2455310.201,5.6
2010-11-22,2439059.4159999997,5.63
2010-11-23,2431585.5,5.63
2010-11-24,2386545.839,5.63
2010-11-25,2343447.524,5.66
2010-11-26,2398877.022,5.67
2010-11-27,2362830.1859999998,5.67
2010-11-28,2343840.184,5.66
2010-11-29,2380961.1659999997,5.65
2010-11-30,2430241.386,5.61
2010-12-01,2404224.134,5.61
2010-12-02,2445448.153,5.57
2010-12-03,2446162.918,5.57
2010-12-04,2438904.405,5.57
2010-12-05,2417739.144,5.56
2010-12-06,2407037.913,5.57
2010-12-07,2390730.418,5.61
2010-12-08,2402051.716,5.55
2010-12-09,2435391.214,5.54
2010-12-10,2450295.624,5.51
2010-12-11,2437051.256,5.51
2010-12-12,2427739.62,5.5
2010-12-13,2418056.599,5.56
2010-12-14,2417637.165,5.57
2010-12-15,2400350.3959999997,5.58
2010-12-16,2411674.857,5.58
2010-12-17,2413367.002,5.6
2010-12-18,2398810.472,5.6
2010-12-19,2383020.1769999997,5.59
2010-12-20,2361838.832,5.63
2010-12-21,2382781.796,5.64
2010-12-22,2444371.0530000003,5.64
2010-12-23,2466047.957,5.63
2010-12-24,2469081.352,5.63
2010-12-25,2461017.741,5.63
2010-12-26,2433474.465,5.62
2010-12-27,2439122.59,5.65
2010-12-28,2448972.176,5.68
2010-12-29,2481326.236,5.66
2010-12-30,2528090.422,5.64
2010-12-31,2563824.992,5.62
2011-01-01,2553507.4359999998,5.61
2011-01-02,2536195.361,5.61
2011-01-03,2530503.2169999997,5.62
2011-01-04,2560818.731,5.62
2011-01-05,2562498.418,5.6
2011-01-06,2630356.974,5.59
2011-01-07,2647205.3619999997,5.59
2011-01-08,2621773.139,5.58
2011-01-09,2598083.9,5.58
2011-01-10,2591947.877,5.57
2011-01-11,2597218.71,5.57
2011-01-12,2586862.126,5.59
2011-01-13,2596484.387,5.58
2011-01-14,2626119.805,5.58
2011-01-15,2617793.355,5.57
2011-01-16,2602292.807,5.57
2011-01-17,2609134.991,5.58
2011-01-18,2601305.147,5.6
2011-01-19,2585458.815,5.62
2011-01-20,2610636.963,5.59
2011-01-21,2590747.602,5.58
2011-01-22,2579650.002,5.58
2011-01-23,2563076.932,5.57
2011-01-24,2492517.645,5.65
2011-01-25,2469992.47,5.68
2011-01-26,2470124.0640000002,5.68
2011-01-27,2471686.449,5.7
2011-01-28,2460974.744,5.72
2011-01-29,2445072.522,5.71
2011-01-30,2434811.794,5.71
2011-01-31,2490932.399,5.72
2011-02-01,2530395.402,5.73
2011-02-02,2525433.751,5.73
2011-02-03,2528356.97,5.74
2011-02-04,2521110.327,5.74
2011-02-05,2506073.876,5.73
2011-02-06,2483198.3,5.73
2011-02-07,2524289.889,5.72
2011-02-08,2577461.794,5.72
2011-02-09,2571401.4869999997,5.71
2011-02-10,2545240.0609999998,5.7
2011-02-11,2536937.751,5.72
2011-02-12,2530607.367,5.72
2011-02-13,2510815.324,5.71
2011-02-14,2520933.435,5.73
2011-02-15,2538281.622,5.73
2011-02-16,2564157.465,5.73
2011-02-17,2569315.3540000003,5.73
2011-02-18,2574735.13,5.73
2011-02-19,2568590.8819999998,5.72
2011-02-20,2554026.894,5.72
2011-02-21,2565055.537,5.73
2011-02-22,2538687.517,5.74
2011-02-23,2539291.517,5.73
2011-02-24,2527445.353,5.73
2011-02-25,2499735.826,5.76
2011-02-26,2490876.624,5.76
2011-02-27,2474482.265,5.76
2011-02-28,2519764.231,5.77
2011-03-01,2537476.462,5.79
2011-03-02,2526871.161,5.79
2011-03-03,2530419.386,5.79
2011-03-04,2533825.025,5.79
2011-03-05,2519107.0130000003,5.79
2011-03-06,2500337.8030000003,5.78
2011-03-07,2503279.2709999997,5.77
2011-03-08,2523367.351,5.77
2011-03-09,2519995.355,5.77
2011-03-10,2515500.6319999998,5.77
2011-03-11,2515587.6119999997,5.77
2011-03-12,2507024.77,5.77
2011-03-13,2497255.794,5.77
2011-03-14,2521914.22,5.74
2011-03-15,2553552.609,5.72
2011-03-16,2563682.528,5.72
2011-03-17,2559806.768,5.72
2011-03-18,2557739.899,5.7
2011-03-19,2550654.76,5.7
2011-03-20,2538314.913,5.7
2011-03-21,2488132.288,5.72
2011-03-22,2518319.682,5.71
2011-03-23,2509874.482,5.71
2011-03-24,2480830.2169999997,5.72
2011-03-25,2503359.976,5.75
2011-03-26,2494310.419,5.75
2011-03-27,2476608.313,5.74
2011-03-28,2474919.608,5.74
2011-03-29,2497591.608,5.72
2011-03-30,2499157.249,5.69
2011-03-31,2500963.7909999997,5.69
2011-04-01,2488762.2909999997,5.69
2011-04-02,2478397.8230000003,5.69
2011-04-03,2455658.422,5.68
2011-04-04,2483143.378,5.69
2011-04-05,2458639.781,5.7
2011-04-06,2479246.863,5.7
2011-04-07,2497380.669,5.7
2011-04-08,2508859.746,5.67
2011-04-09,2481378.496,5.67
2011-04-10,2456131.971,5.66
2011-04-11,2455261.319,5.65
2011-04-12,2521472.571,5.63
2011-04-13,2531928.609,5.62
2011-04-14,2501117.518,5.64
2011-04-15,2514436.418,5.64
2011-04-16,2504691.341,5.63
2011-04-17,2486422.345,5.63
2011-04-18,2515305.4390000002,5.64
2011-04-19,2529943.669,5.64
2011-04-20,2517874.889,5.61
2011-04-21,2543832.741,5.62
2011-04-22,2549475.984,5.71
2011-04-23,2539580.457,5.71
2011-04-24,2509518.51,5.7
2011-04-25,2486703.4680000003,5.7
2011-04-26,2481162.36,5.75
2011-04-27,2523352.039,5.77
2011-04-28,2513706.8219999997,5.78
2011-04-29,2500563.596,5.78
2011-04-30,2487133.38,5.78
2011-05-01,2472086.784,5.77
2011-05-02,2508950.555,5.76
2011-05-03,2535301.431,5.76
2011-05-04,2568616.285,5.76
2011-05-05,2578915.078,5.74
2011-05-06,2562930.364,5.72
2011-05-07,2545476.359,5.72
2011-05-08,2519227.418,5.71
2011-05-09,2545142.77,5.71
2011-05-10,2560303.499,5.68
2011-05-11,2554524.943,5.65
2011-05-12,2529356.683,5.65
2011-05-13,2601885.941,5.64
2011-05-14,2586599.587,5.64
2011-05-15,2574452.858,5.64
2011-05-16,2606155.463,5.66
2011-05-17,2635525.621,5.65
2011-05-18,2669295.025,5.65
2011-05-19,2695916.225,5.65
2011-05-20,2707460.377,5.66
2011-05-21,2692271.508,5.65
2011-05-22,2674916.88,5.65
2011-05-23,2666919.006,5.65
2011-05-24,2622563.538,5.68
2011-05-25,2637568.509,5.7
2011-05-26,2658643.679,5.7
2011-05-27,2660856.47,5.7
2011-05-28,2646017.102,5.7
2011-05-29,2629509.685,5.69
2011-05-30,2647050.558,5.71
2011-05-31,2684616.1810000003,5.72
2011-06-01,2676648.926,5.72
2011-06-02,2709517.4269999997,5.7
2011-06-03,2697357.565,5.7
2011-06-04,2689851.148,5.69
2011-06-05,2675099.578,5.69
2011-06-06,2691600.543,5.7
2011-06-07,2701709.952,5.69
2011-06-08,2665715.57,5.69
2011-06-09,2673146.2709999997,5.68
2011-06-10,2721034.0439999998,5.63
2011-06-11,2716780.1780000003,5.63
2011-06-12,2716780.1780000003,5.63
2011-06-13,2638538.373,5.62
2011-06-14,2667848.6380000003,5.65
2011-06-15,2673528.526,5.64
2011-06-16,2732058.525,5.61
2011-06-17,2725703.71,5.61
2011-06-18,2718106.558,5.61
2011-06-19,2695766.9080000003,5.6
2011-06-20,2691148.486,5.6
2011-06-21,2704840.709,5.61
2011-06-22,2722888.082,5.59
2011-06-23,2740367.143,5.6
2011-06-24,2713486.69,5.6
2011-06-25,2704529.195,5.6
2011-06-26,2688952.0510000004,5.59
2011-06-27,2661107.09,5.6
2011-06-28,2648161.219,5.58
2011-06-29,2636555.985,5.6
2011-06-30,2626429.047,5.57
2011-07-01,2651357.9480000003,5.55
2011-07-02,2627750.903,5.54
2011-07-03,2611593.188,5.54
2011-07-04,2633099.6,5.53
2011-07-05,2679098.77,5.5
2011-07-06,2669615.349,5.47
2011-07-07,2683276.288,5.43
2011-07-08,2686932.508,5.41
2011-07-09,2679218.387,5.41
2011-07-10,2659239.711,5.4
2011-07-11,2688714.9460000005,5.37
2011-07-12,2710075.191,5.37
2011-07-13,2711612.439,5.37
2011-07-14,2716326.961,5.36
2011-07-15,2730391.772,5.34
2011-07-16,2714489.62,5.33
2011-07-17,2698559.291,5.33
2011-07-18,2721414.2830000003,5.35
2011-07-19,2725345.957,5.35
2011-07-20,2730479.769,5.34
2011-07-21,2720550.307,5.32
2011-07-22,2735714.412,5.33
2011-07-23,2720345.711,5.33
2011-07-24,2698934.807,5.33
2011-07-25,2647866.36,5.37
2011-07-26,2702103.3030000003,5.36
2011-07-27,2699920.416,5.36
2011-07-28,2714919.586,5.37
2011-07-29,2734774.298,5.37
2011-07-30,2720955.708,5.37
2011-07-31,2705932.436,5.37
2011-08-01,2726697.317,5.36
2011-08-02,2738514.94,5.36
2011-08-03,2749441.443,5.36
2011-08-04,2752512.378,5.36
2011-08-05,2750055.959,5.36
2011-08-06,2737371.5530000003,5.36
2011-08-07,2718143.4460000005,5.35
2011-08-08,2744524.689,5.36
2011-08-09,2746479.875,5.36
2011-08-10,2751250.7260000003,5.36
2011-08-11,2749215.83,5.36
2011-08-12,2787311.5239999997,5.37
2011-08-13,2775592.3639999996,5.37
2011-08-14,2745653.664,5.36
2011-08-15,2667014.699,5.36
2011-08-16,2708410.085,5.4
2011-08-17,2743837.941,5.41
2011-08-18,2763378.5730000003,5.42
2011-08-19,2761315.166,5.4
2011-08-20,2748283.0730000003,5.4
2011-08-21,2728914.035,5.4
2011-08-22,2728125.062,5.41
2011-08-23,2762649.667,5.4
2011-08-24,2764991.8389999997,5.41
2011-08-25,2735834.6810000003,5.4
2011-08-26,2762902.095,5.41
2011-08-27,2751777.028,5.41
2011-08-28,2731881.284,5.41
2011-08-29,2729187.3789999997,5.43
2011-08-30,2768380.3460000004,5.43
2011-08-31,2750037.955,5.43
2011-09-01,2768362.937,5.46
2011-09-02,2776545.704,5.45
2011-09-03,2764528.18,5.45
2011-09-04,2749109.652,5.45
2011-09-05,2762791.583,5.46
2011-09-06,2771246.273,5.45
2011-09-07,2771703.9480000003,5.45
2011-09-08,2803437.548,5.43
2011-09-09,2802212.048,5.41
2011-09-10,2798417.837,5.41
2011-09-11,2791375.403,5.41
2011-09-12,2788018.4110000003,5.41
2011-09-13,2831033.853,5.39
2011-09-14,2861645.167,5.4
2011-09-15,2850887.474,5.41
2011-09-16,2826557.586,5.4
2011-09-17,2819267.914,5.4
2011-09-18,2804734.995,5.4
2011-09-19,2843940.438,5.39
2011-09-20,2855681.2589999996,5.37
2011-09-21,2877628.365,5.38
2011-09-22,2895926.082,5.38
2011-09-23,2835995.79,5.43
2011-09-24,2828262.626,5.43
2011-09-25,2801539.1010000003,5.43
2011-09-26,2812415.792,5.46
2011-09-27,2809717.139,5.47
2011-09-28,2815250.187,5.47
2011-09-29,2825811.8819999998,5.49
2011-09-30,2801092.0039999997,5.49
2011-10-01,2774650.72,5.49
2011-10-02,2759826.336,5.49
2011-10-03,2822983.863,5.49
2011-10-04,2860724.474,5.5
2011-10-05,2865219.119,5.49
2011-10-06,2896185.744,5.5
2011-10-07,2899269.433,5.5
2011-10-08,2893481.973,5.5
2011-10-09,2877496.615,5.5
2011-10-10,2891326.312,5.5
2011-10-11,2944848.7430000002,5.5
2011-10-12,2911137.045,5.51
2011-10-13,2918903.04,5.5
2011-10-14,2901697.611,5.5
2011-10-15,2875711.963,5.5
2011-10-16,2845811.6210000003,5.49
2011-10-17,2863306.932,5.5
2011-10-18,2912029.603,5.5
2011-10-19,2876683.4269999997,5.49
2011-10-20,2893870.933,5.49
2011-10-21,2889980.625,5.49
2011-10-22,2877808.148,5.49
2011-10-23,2859175.3860000004,5.49
2011-10-24,2846277.137,5.5
2011-10-25,2783343.387,5.53
2011-10-26,2771127.1689999998,5.53
2011-10-27,2780215.27,5.54
2011-10-28,2770419.087,5.54
2011-10-29,2761373.816,5.54
2011-10-30,2747766.435,5.54
2011-10-31,2745183.7180000003,5.54
2011-11-01,2772446.767,5.54
2011-11-02,2793510.0710000005,5.54
2011-11-03,2780945.113,5.54
2011-11-04,2756290.123,5.54
2011-11-05,2750809.5730000003,5.54
2011-11-06,2721160.5,5.54
2011-11-07,2781208.432,5.54
2011-11-08,2783998.89,5.53
2011-11-09,2790779.878,5.53
2011-11-10,2801556.36,5.52
2011-11-11,2803083.69,5.52
2011-11-12,2791575.1580000003,5.52
2011-11-13,2776886.514,5.52
2011-11-14,2779244.755,5.53
2011-11-15,2761197.772,5.53
2011-11-16,2713155.735,5.53
2011-11-17,2730519.008,5.57
2011-11-18,2711925.561,5.6
2011-11-19,2703616.8860000004,5.6
2011-11-20,2685267.1810000003,5.6
2011-11-21,2698239.744,5.6
2011-11-22,2712296.878,5.59
2011-11-23,2676671.65,5.58
2011-11-24,2619233.83,5.56
2011-11-25,2605567.7290000003,5.57
2011-11-26,2599577.08,5.57
2011-11-27,2581612.051,5.57
2011-11-28,2601749.0069999998,5.57
2011-11-29,2603945.988,5.57
2011-11-30,2617282.076,5.57
2011-12-01,2609132.682,5.57
2011-12-02,2605180.042,5.56
2011-12-03,2590354.835,5.56
2011-12-04,2575564.566,5.55
2011-12-05,2545646.191,5.56
2011-12-06,2610220.201,5.59
2011-12-07,2602465.4469999997,5.59
2011-12-08,2634322.51,5.59
2011-12-09,2623983.3430000003,5.6
2011-12-10,2617016.253,5.6
2011-12-11,2605374.2290000003,5.6
2011-12-12,2568763.526,5.61
2011-12-13,2579933.664,5.61
2011-12-14,2596625.326,5.63
2011-12-15,2603604.594,5.63
2011-12-16,2613173.741,5.61
2011-12-17,2607203.989,5.61
2011-12-18,2588003.147,5.61
2011-12-19,2599399.35,5.61
2011-12-20,2626132.202,5.6
2011-12-21,2631263.211,5.61
2011-12-22,2672008.024,5.62
2011-12-23,2700445.7939999998,5.62
2011-12-24,2691705.972,5.62
2011-12-25,2665484.599,5.61
2011-12-26,2659578.233,5.61
2011-12-27,2625596.022,5.64
2011-12-28,2667567.383,5.65
2011-12-29,2720653.608,5.64
2011-12-30,2824429.5739999996,5.59
2011-12-31,2823638.7610000004,5.59
2012-01-01,2818866.2189999996,5.56
2012-01-02,2812796.244,5.56
2012-01-03,2776772.318,5.57
2012-01-04,2860851.269,5.56
2012-01-05,2886512.077,5.54
2012-01-06,2854281.225,5.55
2012-01-07,2847598.2260000003,5.55
2012-01-08,2824288.155,5.55
2012-01-09,2841899.898,5.55
2012-01-10,2873653.664,5.54
2012-01-11,2878703.187,5.53
2012-01-12,2876381.5310000004,5.52
2012-01-13,2884686.422,5.48
2012-01-14,2874878.791,5.48
2012-01-15,2845568.4869999997,5.47
2012-01-16,2900292.6119999997,5.47
2012-01-17,2917143.893,5.46
2012-01-18,3005343.4280000003,5.36
2012-01-19,3054362.224,5.35
2012-01-20,3070794.72,5.38
2012-01-21,3057960.8219999997,5.37
2012-01-22,3034973.4480000003,5.37
2012-01-23,3053177.501,5.35
2012-01-24,3055306.183,5.36
2012-01-25,2936687.6989999996,5.51
2012-01-26,2945346.8789999997,5.5
2012-01-27,2932199.0110000004,5.52
2012-01-28,2917442.8839999996,5.52
2012-01-29,2898606.3060000003,5.52
2012-01-30,2927569.7460000003,5.5
2012-01-31,2958624.0689999997,5.5
2012-02-01,3044045.492,5.49
2012-02-02,3078450.6580000003,5.47
2012-02-03,3121997.5539999995,5.45
2012-02-04,3104823.164,5.44
2012-02-05,3087255.68,5.43
2012-02-06,3074297.374,5.41
2012-02-07,3091203.841,5.41
2012-02-08,3032191.166,5.38
2012-02-09,3072046.0039999997,5.4
2012-02-10,3088693.0710000005,5.4
2012-02-11,3076356.9269999997,5.4
2012-02-12,3053566.1610000003,5.4
2012-02-13,3079696.332,5.39
2012-02-14,3070190.455,5.39
2012-02-15,3075165.133,5.36
2012-02-16,3115367.805,5.33
2012-02-17,3160756.857,5.31
2012-02-18,3152058.744,5.31
2012-02-19,3138042.363,5.31
2012-02-20,3130640.267,5.32
2012-02-21,3140525.4110000003,5.32
2012-02-22,3175443.397,5.33
2012-02-23,3172339.659,5.33
2012-02-24,3174580.091,5.43
2012-02-25,3156004.648,5.43
2012-02-26,3123757.2569999998,5.42
2012-02-27,3086056.0239999997,5.48
2012-02-28,3096970.628,5.47
2012-02-29,3087114.108,5.49
2012-03-01,3145367.7060000002,5.49
2012-03-02,3164276.0810000002,5.48
2012-03-03,3155132.722,5.47
2012-03-04,3134363.9039999996,5.47
2012-03-05,3177295.905,5.46
2012-03-06,3191684.561,5.45
2012-03-07,3196817.4889999996,5.41
2012-03-08,3242577.108,5.39
2012-03-09,3239256.077,5.37
2012-03-10,3225971.29,5.37
2012-03-11,3185838.0439999998,5.36
2012-03-12,3214492.921,5.35
2012-03-13,3253705.2339999997,5.33
2012-03-14,3243344.251,5.29
2012-03-15,3246272.155,5.28
2012-03-16,3261332.986,5.27
2012-03-17,3252666.872,5.27
2012-03-18,3230888.3680000002,5.26
2012-03-19,3257905.992,5.23
2012-03-20,3257067.685,5.23
2012-03-21,3245043.328,5.23
2012-03-22,3278778.977,5.22
2012-03-23,3223008.5760000004,5.23
2012-03-24,3210733.61,5.23
2012-03-25,3203765.4269999997,5.22
2012-03-26,3154249.873,5.24
2012-03-27,3172866.709,5.23
2012-03-28,3121658.296,5.27
2012-03-29,3108542.2660000003,5.29
2012-03-30,3077782.1339999996,5.27
2012-03-31,3066315.151,5.26
2012-04-01,3053187.059,5.26
2012-04-02,3107790.813,5.25
2012-04-03,3108221.903,5.24
2012-04-04,3107156.355,5.23
2012-04-05,3110224.416,5.23
2012-04-06,3127570.9960000003,5.21
2012-04-07,3116515.255,5.21
2012-04-08,3087098.992,5.2
2012-04-09,3066330.378,5.18
2012-04-10,3097608.291,5.16
2012-04-11,3121177.5939999996,5.13
2012-04-12,3143198.135,5.1
2012-04-13,3210793.1210000003,5.06
2012-04-14,3204557.789,5.05
2012-04-15,3175913.883,5.05
2012-04-16,3147455.8030000003,5.04
2012-04-17,3178405.764,5.04
2012-04-18,3192675.3230000003,5.04
2012-04-19,3176909.8030000003,5.05
2012-04-20,3211396.857,5.04
2012-04-21,3200840.687,5.04
2012-04-22,3186133.31,5.04
2012-04-23,3177122.901,5.05
2012-04-24,3150557.962,5.05
2012-04-25,3090228.2739999997,5.11
2012-04-26,3124866.248,5.09
2012-04-27,3112447.253,5.09
2012-04-28,3106609.5039999997,5.09
2012-04-29,3085466.975,5.09
2012-04-30,3031157.0110000004,5.09
2012-05-01,3020473.479,5.08
2012-05-02,3042517.415,5.09
2012-05-03,3083367.853,5.09
2012-05-04,3111417.0360000003,5.08
2012-05-05,3099242.547,5.08
2012-05-06,3065704.022,5.07
2012-05-07,3095996.3389999997,5.07
2012-05-08,3130976.7189999996,5.07
2012-05-09,3124093.998,5.04
2012-05-10,3144414.595,5.05
2012-05-11,3142785.753,5.05
2012-05-12,3128226.272,5.04
2012-05-13,3119891.361,5.04
2012-05-14,3157465.0739999996,5.03
2012-05-15,3175023.008,5.02
2012-05-16,3186201.543,5.03
2012-05-17,3191828.0689999997,5.03
2012-05-18,3207503.648,5.04
2012-05-19,3196220.0930000003,5.04
2012-05-20,3178737.932,5.03
2012-05-21,3192343.338,5.04
2012-05-22,3198237.716,5.03
2012-05-23,3187449.202,5.03
2012-05-24,3147485.2819999997,5.04
2012-05-25,3154280.227,5.04
2012-05-26,3144886.5239999997,5.03
2012-05-27,3110764.563,5.03
2012-05-28,3140261.682,5.03
2012-05-29,3158632.7830000003,5.03
2012-05-30,3175561.9689999996,5.03
2012-05-31,3159835.3789999997,5.03
2012-06-01,3190786.041,5.03
2012-06-02,3180129.3260000004,5.03
2012-06-03,3157453.2819999997,5.03
2012-06-04,3122040.018,5.02
2012-06-05,3120863.394,5.02
2012-06-06,3144330.6119999997,5.02
2012-06-07,3139525.752,5.04
2012-06-08,3167547.398,5.03
2012-06-09,3154706.5960000004,5.03
2012-06-10,3132384.8819999998,5.03
2012-06-11,3125209.436,5.03
2012-06-12,3153672.8860000004,5.03
2012-06-13,3151625.6610000003,5.03
2012-06-14,3137466.172,5.04
2012-06-15,3120481.633,5.04
2012-06-16,3106524.659,5.04
2012-06-17,3082985.91,5.03
2012-06-18,3068046.4269999997,5.04
2012-06-19,3106227.383,5.02
2012-06-20,3116276.002,5.0
2012-06-21,3087165.61,4.99
2012-06-22,3088051.1160000004,4.99
2012-06-23,3078794.333,4.99
2012-06-24,3057497.7860000003,4.99
2012-06-25,3059411.633,5.0
2012-06-26,3085035.902,5.01
2012-06-27,3045320.4710000004,5.02
2012-06-28,2971573.223,5.03
2012-06-29,2961846.57,5.02
2012-06-30,2957096.8039999995,5.02
2012-07-01,2943497.168,5.02
2012-07-02,2955836.355,5.0
2012-07-03,2966115.934,4.99
2012-07-04,3000089.762,4.99
2012-07-05,2996817.872,4.98
2012-07-06,2992034.981,4.97
2012-07-07,2978792.514,4.96
2012-07-08,2962740.514,4.96
2012-07-09,2937430.5719999997,4.95
2012-07-10,2957868.736,4.94
2012-07-11,2942819.356,4.93
2012-07-12,2977795.85,4.91
2012-07-13,2987720.837,4.88
2012-07-14,2965638.09,4.87
2012-07-15,2951217.4310000003,4.86
2012-07-16,2978134.191,4.84
2012-07-17,2995930.642,4.81
2012-07-18,2993950.213,4.79
2012-07-19,2979044.922,4.79
2012-07-20,3026409.4080000003,4.78
2012-07-21,3014446.2660000003,4.78
2012-07-22,2990998.3910000003,4.77
2012-07-23,2949425.841,4.77
2012-07-24,2942182.171,4.79
2012-07-25,2860704.1360000004,4.81
2012-07-26,2854907.268,4.81
2012-07-27,2866584.086,4.81
2012-07-28,2856786.733,4.8
2012-07-29,2838033.767,4.79
2012-07-30,2827643.535,4.79
2012-07-31,2810532.0539999995,4.79
2012-08-01,2821678.9560000002,4.78
2012-08-02,2873290.959,4.78
2012-08-03,2873131.1160000004,4.78
2012-08-04,2866731.753,4.78
2012-08-05,2850275.5889999997,4.77
2012-08-06,2838192.3589999997,4.77
2012-08-07,2838400.628,4.77
2012-08-08,2833552.685,4.77
2012-08-09,2838139.659,4.77
2012-08-10,2824921.6780000003,4.77
2012-08-11,2818018.095,4.77
2012-08-12,2784029.238,4.77
2012-08-13,2802849.713,4.77
2012-08-14,2840063.0319999997,4.77
2012-08-15,2801146.227,4.77
2012-08-16,2784688.4469999997,4.77
2012-08-17,2801867.061,4.77
2012-08-18,2784975.48,4.77
2012-08-19,2770499.2610000004,4.76
2012-08-20,2763077.212,4.76
2012-08-21,2783547.8439999996,4.76
2012-08-22,2782402.457,4.76
2012-08-23,2763624.834,4.76
2012-08-24,2741814.2389999996,4.76
2012-08-25,2735631.151,4.76
2012-08-26,2709243.42,4.75
2012-08-27,2706536.3660000004,4.75
2012-08-28,2727019.392,4.75
2012-08-29,2733670.858,4.76
2012-08-30,2713756.873,4.75
2012-08-31,2718134.515,4.75
2012-09-01,2711758.715,4.74
2012-09-02,2701932.347,4.74
2012-09-03,2708188.336,4.74
2012-09-04,2723221.7389999996,4.73
2012-09-05,2734650.885,4.73
2012-09-06,2727762.3060000003,4.72
2012-09-07,2752976.6139999996,4.7
2012-09-08,2746644.0560000003,4.7
2012-09-09,2734682.417,4.7
2012-09-10,2730980.727,4.69
2012-09-11,2718748.883,4.7
2012-09-12,2721947.583,4.69
2012-09-13,2718652.151,4.69
2012-09-14,2722687.151,4.7
2012-09-15,2710898.922,4.7
2012-09-16,2682681.63,4.69
2012-09-17,2713349.912,4.69
2012-09-18,2731906.405,4.69
2012-09-19,2721873.9489999996,4.68
2012-09-20,2727841.465,4.67
2012-09-21,2719787.442,4.66
2012-09-22,2713217.666,4.65
2012-09-23,2690325.96,4.65
2012-09-24,2691692.3039999995,4.65
2012-09-25,2682703.296,4.65
2012-09-26,2668732.106,4.65
2012-09-27,2649852.897,4.65
2012-09-28,2606165.695,4.66
2012-09-29,2592559.489,4.66
2012-09-30,2553867.52,4.65
2012-10-01,2606460.682,4.65
2012-10-02,2628717.139,4.65
2012-10-03,2625820.558,4.65
2012-10-04,2638872.119,4.65
2012-10-05,2654595.9469999997,4.65
2012-10-06,2644875.34,4.64
2012-10-07,2627047.6859999998,4.64
2012-10-08,2645287.921,4.64
2012-10-09,2650974.242,4.64
2012-10-10,2652463.443,4.64
2012-10-11,2660683.172,4.64
2012-10-12,2657160.134,4.64
2012-10-13,2650264.745,4.64
2012-10-14,2640424.851,4.64
2012-10-15,2653089.129,4.64
2012-10-16,2661742.505,4.64
2012-10-17,2657585.647,4.64
2012-10-18,2646371.413,4.64
2012-10-19,2667555.452,4.64
2012-10-20,2659202.883,4.64
2012-10-21,2640118.156,4.63
2012-10-22,2629913.212,4.63
2012-10-23,2643867.211,4.63
2012-10-24,2622588.395,4.63
2012-10-25,2609775.97,4.62
2012-10-26,2616435.978,4.62
2012-10-27,2607543.95,4.62
2012-10-28,2597025.502,4.62
2012-10-29,2584153.231,4.62
2012-10-30,2563530.7430000002,4.62
2012-10-31,2586107.077,4.63
2012-11-01,2590176.036,4.63
2012-11-02,2627083.437,4.64
2012-11-03,2612397.645,4.64
2012-11-04,2598832.95,4.64
2012-11-05,2596569.259,4.64
2012-11-06,2612349.047,4.64
2012-11-07,2603570.321,4.64
2012-11-08,2619741.238,4.64
2012-11-09,2626078.715,4.64
2012-11-10,2621822.351,4.64
2012-11-11,2604016.08,4.63
2012-11-12,2616609.581,4.62
2012-11-13,2625421.723,4.62
2012-11-14,2660954.642,4.63
2012-11-15,2663454.017,4.63
2012-11-16,2675519.934,4.63
2012-11-17,2660018.529,4.62
2012-11-18,2632351.374,4.62
2012-11-19,2670908.7,4.63
2012-11-20,2666069.175,4.63
2012-11-21,2668956.17,4.63
2012-11-22,2687026.54,4.64
2012-11-23,2678275.974,4.65
2012-11-24,2671766.505,4.65
2012-11-25,2654346.352,4.65
2012-11-26,2619282.486,4.63
2012-11-27,2629361.917,4.63
2012-11-28,2617334.655,4.63
2012-11-29,2603331.431,4.63
2012-11-30,2570995.175,4.63
2012-12-01,2563221.4390000002,4.63
2012-12-02,2520517.09,4.62
2012-12-03,2545419.392,4.63
2012-12-04,2565131.3230000003,4.63
2012-12-05,2571748.871,4.63
2012-12-06,2544323.877,4.62
2012-12-07,2539377.944,4.62
2012-12-08,2529559.929,4.62
2012-12-09,2502398.992,4.61
2012-12-10,2519016.8419999997,4.61
2012-12-11,2516012.615,4.61
2012-12-12,2521805.622,4.61
2012-12-13,2524168.576,4.6
2012-12-14,2513681.235,4.61
2012-12-15,2506995.765,4.61
2012-12-16,2492287.143,4.6
2012-12-17,2475508.973,4.6
2012-12-18,2470302.1780000003,4.6
2012-12-19,2412963.51,4.59
2012-12-20,2434589.099,4.54
2012-12-21,2478379.481,4.54
2012-12-22,2468261.0730000003,4.54
2012-12-23,2458475.735,4.54
2012-12-24,2472406.017,4.54
2012-12-25,2464022.887,4.54
2012-12-26,2444362.774,4.53
2012-12-27,2446127.89,4.56
2012-12-28,2481405.259,4.57
2012-12-29,2474851.037,4.57
2012-12-30,2467165.642,4.57
2012-12-31,2483630.93,4.57
2013-01-01,2479575.401,4.57
2013-01-02,2454312.25,4.56
2013-01-03,2447713.106,4.6
2013-01-04,2494309.456,4.61
2013-01-05,2489578.525,4.61
2013-01-06,2473120.693,4.6
2013-01-07,2496652.159,4.61
2013-01-08,2542425.159,4.61
2013-01-09,2541938.826,4.61
2013-01-10,2537812.875,4.6
2013-01-11,2521319.5840000003,4.6
2013-01-12,2506396.305,4.6
2013-01-13,2494835.0609999998,4.6
2013-01-14,2510492.72,4.6
2013-01-15,2506055.316,4.6
2013-01-16,2533803.869,4.6
2013-01-17,2558892.642,4.6
2013-01-18,2568144.124,4.6
2013-01-19,2559581.69,4.6
2013-01-20,2525411.946,4.6
2013-01-21,2544308.761,4.6
2013-01-22,2554314.994,4.59
2013-01-23,2554071.05,4.6
2013-01-24,2558014.527,4.6
2013-01-25,2482489.8880000003,4.59
2013-01-26,2460210.246,4.58
2013-01-27,2441111.044,4.58
2013-01-28,2443178.942,4.58
2013-01-29,2464492.16,4.6
2013-01-30,2452080.716,4.6
2013-01-31,2457255.225,4.6
2013-02-01,2484205.6780000003,4.6
2013-02-02,2472719.764,4.6
2013-02-03,2452018.878,4.6
2013-02-04,2498568.932,4.6
2013-02-05,2502482.76,4.6
2013-02-06,2504188.788,4.61
2013-02-07,2523079.377,4.61
2013-02-08,2510465.6769999997,4.6
2013-02-09,2503586.484,4.6
2013-02-10,2489071.3230000003,4.6
2013-02-11,2541061.13,4.61
2013-02-12,2556939.5,4.61
2013-02-13,2551796.301,4.61
2013-02-14,2535384.716,4.6
2013-02-15,2550906.525,4.6
2013-02-16,2540186.41,4.6
2013-02-17,2517888.579,4.6
2013-02-18,2548766.3340000003,4.6
2013-02-19,2554797.509,4.6
2013-02-20,2575002.58,4.6
2013-02-21,2596589.6569999997,4.55
2013-02-22,2583833.223,4.55
2013-02-23,2579916.866,4.55
2013-02-24,2570132.3030000003,4.55
2013-02-25,2482827.924,4.57
2013-02-26,2505939.236,4.57
2013-02-27,2497371.2909999997,4.57
2013-02-28,2481762.995,4.58
2013-03-01,2506460.9269999997,4.58
2013-03-02,2500024.321,4.58
2013-03-03,2492192.442,4.58
2013-03-04,2544457.5519999997,4.58
2013-03-05,2551972.634,4.58
2013-03-06,2564822.64,4.58
2013-03-07,2589310.348,4.58
2013-03-08,2601695.1459999997,4.58
2013-03-09,2590537.029,4.58
2013-03-10,2569884.691,4.58
2013-03-11,2584932.275,4.58
2013-03-12,2621908.265,4.58
2013-03-13,2640731.516,4.58
2013-03-14,2656102.647,4.54
2013-03-15,2682618.683,4.49
2013-03-16,2679123.962,4.49
2013-03-17,2667239.589,4.49
2013-03-18,2668949.781,4.48
2013-03-19,2643098.642,4.45
2013-03-20,2688958.345,4.43
2013-03-21,2683230.734,4.45
2013-03-22,2689076.825,4.46
2013-03-23,2682595.315,4.46
2013-03-24,2670694.903,4.46
2013-03-25,2634577.083,4.52
2013-03-26,2634279.619,4.54
2013-03-27,2628607.05,4.54
2013-03-28,2638960.076,4.55
2013-03-29,2653179.633,4.56
2013-03-30,2646093.932,4.56
2013-03-31,2630673.535,4.56
2013-04-01,2643789.296,4.56
2013-04-02,2659001.704,4.57
2013-04-03,2691669.0130000003,4.57
2013-04-04,2710022.32,4.56
2013-04-05,2727719.631,4.52
2013-04-06,2716049.481,4.52
2013-04-07,2703101.682,4.52
2013-04-08,2694501.0919999997,4.51
2013-04-09,2684573.972,4.48
2013-04-10,2696498.0960000004,4.48
2013-04-11,2709694.54,4.46
2013-04-12,2718527.075,4.44
2013-04-13,2708964.001,4.44
2013-04-14,2684248.466,4.44
2013-04-15,2730437.828,4.42
2013-04-16,2739913.815,4.4
2013-04-17,2753808.8210000005,4.4
2013-04-18,2760040.918,4.4
2013-04-19,2760296.2989999996,4.4
2013-04-20,2751938.423,4.4
2013-04-21,2735213.9289999995,4.39
2013-04-22,2770010.0719999997,4.39
2013-04-23,2770006.707,4.41
2013-04-24,2769444.921,4.41
2013-04-25,2716870.477,4.45
2013-04-26,2717321.2139999997,4.45
2013-04-27,2713849.76,4.45
2013-04-28,2689962.652,4.45
2013-04-29,2716092.6760000004,4.45
2013-04-30,2739738.6410000003,4.47
2013-05-01,2731509.4,4.47
2013-05-02,2769271.565,4.46
2013-05-03,2790111.817,4.45
2013-05-04,2775897.957,4.45
2013-05-05,2754971.2260000003,4.45
2013-05-06,2739390.6780000003,4.45
2013-05-07,2778114.795,4.45
2013-05-08,2791744.0689999997,4.44
2013-05-09,2792200.151,4.43
2013-05-10,2812097.876,4.41
2013-05-11,2805850.559,4.41
2013-05-12,2791429.168,4.41
2013-05-13,2811062.461,4.39
2013-05-14,2868180.474,4.37
2013-05-15,2891417.8030000003,4.36
2013-05-16,2920096.4760000003,4.35
2013-05-17,2935948.546,4.36
2013-05-18,2930261.472,4.36
2013-05-19,2903761.1569999997,4.36
2013-05-20,2938854.0089999996,4.36
2013-05-21,2885615.126,4.4
2013-05-22,2897753.87,4.41
2013-05-23,2885550.84,4.41
2013-05-24,2909876.787,4.41
2013-05-25,2902848.108,4.41
2013-05-26,2892244.725,4.41
2013-05-27,2928321.986,4.39
2013-05-28,2947006.3430000003,4.39
2013-05-29,2969821.6489999997,4.37
2013-05-30,2946269.046,4.37
2013-05-31,2904048.852,4.36
2013-06-01,2894628.202,4.36
2013-06-02,2879067.711,4.36
2013-06-03,2909534.922,4.33
2013-06-04,2947952.3419999997,4.31
2013-06-05,2962828.1760000004,4.3
2013-06-06,2947387.168,4.29
2013-06-07,2957164.745,4.29
2013-06-08,2946976.883,4.28
2013-06-09,2925087.0710000005,4.28
2013-06-10,2924412.21,4.28
2013-06-11,3012342.9960000003,4.24
2013-06-12,3000731.122,4.22
2013-06-13,3004329.336,4.22
2013-06-14,2981988.814,4.21
2013-06-15,2973268.2139999997,4.21
2013-06-16,2960766.027,4.2
2013-06-17,2967070.4110000003,4.19
2013-06-18,2907074.238,4.21
2013-06-19,2937777.1139999996,4.18
2013-06-20,2927935.21,4.18
2013-06-21,2936820.1580000003,4.17
2013-06-22,2925164.913,4.17
2013-06-23,2916465.974,4.17
2013-06-24,2896543.603,4.16
2013-06-25,2841222.315,4.22
2013-06-26,2841014.624,4.22
2013-06-27,2795743.9560000002,4.24
2013-06-28,2741240.0939999996,4.26
2013-06-29,2737689.0960000004,4.26
2013-06-30,2724360.0319999997,4.25
2013-07-01,2762568.318,4.26
2013-07-02,2753097.753,4.25
2013-07-03,2732590.691,4.24
2013-07-04,2765648.792,4.24
2013-07-05,2784669.922,4.25
2013-07-06,2775720.2410000004,4.25
2013-07-07,2764271.06,4.25
2013-07-08,2784564.208,4.24
2013-07-09,2775773.952,4.24
2013-07-10,2792387.6789999995,4.23
2013-07-11,2794360.042,4.22
2013-07-12,2797361.383,4.21
2013-07-13,2787896.812,4.21
2013-07-14,2771666.517,4.21
2013-07-15,2803106.4060000004,4.2
2013-07-16,2811677.689,4.19
2013-07-17,2799323.4239999996,4.2
2013-07-18,2782691.923,4.21
2013-07-19,2816839.872,4.22
2013-07-20,2811885.977,4.22
2013-07-21,2796273.07,4.22
2013-07-22,2795603.084,4.22
2013-07-23,2767697.3230000003,4.22
2013-07-24,2742882.607,4.21
2013-07-25,2685490.184,4.21
2013-07-26,2704378.2339999997,4.21
2013-07-27,2698938.772,4.21
2013-07-28,2674461.853,4.21
2013-07-29,2687158.74,4.21
2013-07-30,2704627.125,4.21
2013-07-31,2671463.633,4.21
2013-08-01,2676137.4930000002,4.2
2013-08-02,2707564.791,4.19
2013-08-03,2700155.445,4.19
2013-08-04,2693662.7630000003,4.19
2013-08-05,2704425.4689999996,4.18
2013-08-06,2734046.058,4.14
2013-08-07,2735419.231,4.13
2013-08-08,2754190.5539999995,4.12
2013-08-09,2750754.087,4.12
2013-08-10,2745658.107,4.12
2013-08-11,2728611.2369999997,4.12
2013-08-12,2736994.627,4.11
2013-08-13,2756335.997,4.09
2013-08-14,2767557.8910000003,4.06
2013-08-15,2740150.6380000003,4.07
2013-08-16,2756961.522,4.06
2013-08-17,2747253.9910000004,4.06
2013-08-18,2726634.413,4.06
2013-08-19,2750750.245,4.05
2013-08-20,2787174.68,4.04
2013-08-21,2779304.703,4.04
2013-08-22,2783193.6119999997,4.04
2013-08-23,2780180.713,4.04
2013-08-24,2775267.8839999996,4.04
2013-08-25,2758751.8710000003,4.04
2013-08-26,2738922.643,4.06
2013-08-27,2747723.921,4.08
2013-08-28,2743408.015,4.09
2013-08-29,2767092.3589999997,4.08
2013-08-30,2833323.164,4.07
2013-08-31,2828163.126,4.06
2013-09-01,2816790.7810000004,4.06
2013-09-02,2822294.5130000003,4.07
2013-09-03,2869847.159,4.06
2013-09-04,2898545.8019999997,4.05
2013-09-05,2872039.212,4.06
2013-09-06,2905095.6139999996,4.03
2013-09-07,2899529.3219999997,4.03
2013-09-08,2877522.7589999996,4.02
2013-09-09,2905487.3039999995,4.02
2013-09-10,2917711.51,4.01
2013-09-11,2922055.6180000002,4.02
2013-09-12,2946921.35,4.01
2013-09-13,2970653.537,4.0
2013-09-14,2969455.353,4.0
2013-09-15,2953583.22,4.0
2013-09-16,2904768.9060000004,4.02
2013-09-17,2917062.066,4.01
2013-09-18,2922119.187,4.0
2013-09-19,2914097.747,3.99
2013-09-20,2961832.943,3.95
2013-09-21,2952452.617,3.95
2013-09-22,2947443.625,3.95
2013-09-23,2942022.565,3.95
2013-09-24,2927104.1210000003,3.97
2013-09-25,2857725.293,4.0
2013-09-26,2866364.788,3.99
2013-09-27,2877030.0089999996,3.99
2013-09-28,2865158.83,3.99
2013-09-29,2846828.2660000003,3.98
2013-09-30,2861697.4460000005,3.98
2013-10-01,2868550.959,3.99
2013-10-02,2969906.104,3.95
2013-10-03,2988796.32,3.95
2013-10-04,2996435.8219999997,3.93
2013-10-05,2989644.0130000003,3.93
2013-10-06,2975894.28,3.93
2013-10-07,2965843.8039999995,3.93
2013-10-08,2977879.67,3.91
2013-10-09,3020741.063,3.88
2013-10-10,3067371.6180000002,3.85
2013-10-11,3064361.018,3.83
2013-10-12,3045091.22,3.82
2013-10-13,3029710.4930000002,3.82
2013-10-14,3050288.34,3.81
2013-10-15,3056931.4069999997,3.8
2013-10-16,3072927.858,3.8
2013-10-17,3047873.486,3.81
2013-10-18,3092311.933,3.79
2013-10-19,3083740.738,3.79
2013-10-20,3057802.752,3.78
2013-10-21,3050193.397,3.78
2013-10-22,3088882.455,3.76
2013-10-23,3056478.853,3.76
2013-10-24,3040329.502,3.76
2013-10-25,2997533.8239999996,3.78
2013-10-26,2991525.9869999997,3.78
2013-10-27,2971331.665,3.77
2013-10-28,2988186.047,3.77
2013-10-29,3022832.912,3.74
2013-10-30,3032186.8,3.72
2013-10-31,3046492.8680000002,3.7
2013-11-01,3056273.298,3.68
2013-11-02,3048989.333,3.68
2013-11-03,3030154.381,3.67
2013-11-04,3094664.32,3.62
2013-11-05,3097786.01,3.62
2013-11-06,3132511.251,3.61
2013-11-07,3140900.34,3.6
2013-11-08,3169339.9560000002,3.58
2013-11-09,3162827.67,3.58
2013-11-10,3145110.8230000003,3.58
2013-11-11,3122152.943,3.6
2013-11-12,3159505.012,3.56
2013-11-13,3172947.128,3.56
2013-11-14,3185883.7569999998,3.57
2013-11-15,3195405.2169999997,3.57
2013-11-16,3188232.2410000004,3.57
2013-11-17,3180653.262,3.57
2013-11-18,3173944.7819999997,3.56
2013-11-19,3178918.1289999997,3.56
2013-11-20,3170052.142,3.56
2013-11-21,3162401.985,3.56
2013-11-22,3182313.6939999997,3.53
2013-11-23,3175891.6119999997,3.53
2013-11-24,3155476.8019999997,3.53
2013-11-25,3093301.0439999998,3.53
2013-11-26,3115805.3,3.53
2013-11-27,3110274.832,3.52
2013-11-28,3134879.315,3.49
2013-11-29,3170725.537,3.47
2013-11-30,3165343.505,3.47
2013-12-01,3151557.568,3.46
2013-12-02,3177179.225,3.45
2013-12-03,3195666.736,3.44
2013-12-04,3167174.8439999996,3.43
2013-12-05,3165629.273,3.44
2013-12-06,3199817.353,3.41
2013-12-07,3197378.905,3.41
2013-12-08,3179437.374,3.41
2013-12-09,3189019.327,3.41
2013-12-10,3214222.048,3.38
2013-12-11,3182202.195,3.38
2013-12-12,3226415.2180000003,3.37
2013-12-13,3233719.61,3.36
2013-12-14,3224842.6989999996,3.36
2013-12-15,3212347.942,3.35
2013-12-16,3208025.704,3.35
2013-12-17,3271045.374,3.31
2013-12-18,3268732.867,3.3
2013-12-19,3271177.538,3.29
2013-12-20,3259240.755,3.3
2013-12-21,3254215.6739999996,3.3
2013-12-22,3243574.923,3.3
2013-12-23,3291979.26,3.28
2013-12-24,3306280.57,3.27
2013-12-25,3287930.6139999996,3.27
2013-12-26,3282373.173,3.27
2013-12-27,3299124.289,3.27
2013-12-28,3295443.9460000005,3.27
2013-12-29,3275768.1339999996,3.27
2013-12-30,3319833.8660000004,3.25
2013-12-31,3340431.249,3.22
2014-01-01,3332368.137,3.22
2014-01-02,3322472.097,3.22
2014-01-03,3309494.462,3.22
2014-01-04,3293437.777,3.22
2014-01-05,3272018.978,3.22
2014-01-06,3221695.692,3.22
2014-01-07,3285852.4,3.18
2014-01-08,3316214.704,3.15
2014-01-09,3354322.6360000004,3.13
2014-01-10,3389206.955,3.11
2014-01-11,3371819.1119999997,3.1
2014-01-12,3343394.745,3.1
2014-01-13,3353795.8010000004,3.08
2014-01-14,3368895.2139999997,3.07
2014-01-15,3396316.175,3.06
2014-01-16,3411243.978,3.04
2014-01-17,3423710.791,3.03
2014-01-18,3418879.673,3.02
2014-01-19,3402777.417,3.02
2014-01-20,3370383.545,3.04
2014-01-21,3371928.7339999997,3.04
2014-01-22,3371165.8860000004,3.04
2014-01-23,3266933.9680000003,3.09
2014-01-24,3228539.982,3.12
2014-01-25,3227483.095,3.12
2014-01-26,3210034.606,3.12
2014-01-27,3225373.373,3.1
2014-01-28,3221161.704,3.1
2014-01-29,3206117.3310000002,3.11
2014-01-30,3193816.535,3.12
2014-01-31,3201815.753,3.12
2014-02-01,3198961.86,3.11
2014-02-02,3188718.994,3.11
2014-02-03,3155432.818,3.12
2014-02-04,3115312.981,3.25
2014-02-05,3101675.633,3.26
2014-02-06,3080853.537,3.27
2014-02-07,3086668.2210000004,3.26
2014-02-08,3083615.067,3.26
2014-02-09,3072299.885,3.26
2014-02-10,3073508.175,3.25
2014-02-11,3056377.952,3.24
2014-02-12,3063795.795,3.24
2014-02-13,3074503.6960000005,3.23
2014-02-14,3097235.4280000003,3.23
2014-02-15,3080630.133,3.23
2014-02-16,3067174.505,3.23
2014-02-17,3057870.433,3.24
2014-02-18,3072689.6139999996,3.25
2014-02-19,3068842.872,3.25
2014-02-20,3126087.143,3.23
2014-02-21,3168071.435,3.21
2014-02-22,3160566.84,3.2
2014-02-23,3155639.704,3.2
2014-02-24,3146910.4269999997,3.19
2014-02-25,3150344.269,3.18
2014-02-26,3147593.98,3.18
2014-02-27,3136982.2660000003,3.17
2014-02-28,3099911.889,3.18
2014-03-01,3095678.644,3.17
2014-03-02,3085512.1210000003,3.17
2014-03-03,3085725.492,3.17
2014-03-04,3097457.6410000003,3.16
2014-03-05,3109724.4910000004,3.14
2014-03-06,3130731.957,3.12
2014-03-07,3167394.501,3.1
2014-03-08,3158030.1380000003,3.09
2014-03-09,3143644.065,3.09
2014-03-10,3184954.731,3.06
2014-03-11,3200162.209,3.04
2014-03-12,3181397.659,3.03
2014-03-13,3195964.65,2.99
2014-03-14,3206558.7180000003,2.97
2014-03-15,3188816.667,2.97
2014-03-16,3175446.816,2.97
2014-03-17,3205218.165,2.94
2014-03-18,3230158.3419999997,2.93
2014-03-19,3209744.5930000003,2.92
2014-03-20,3210386.896,2.92
2014-03-21,3229665.205,2.9
2014-03-22,3223698.142,2.9
2014-03-23,3204993.133,2.9
2014-03-24,3180664.5489999996,2.94
2014-03-25,3113093.738,2.97
2014-03-26,3090161.7369999997,2.97
2014-03-27,3091136.869,2.99
2014-03-28,3083317.925,2.99
2014-03-29,3076608.5089999996,2.99
2014-03-30,3058981.233,2.99
2014-03-31,3066295.0310000004,2.98
2014-04-01,3085403.7660000003,2.97
2014-04-02,3108979.0360000003,2.96
2014-04-03,3139436.048,2.95
2014-04-04,3146815.1569999997,2.95
2014-04-05,3138191.671,2.95
2014-04-06,3121631.497,2.95
2014-04-07,3120073.481,2.96
2014-04-08,3130608.4239999996,2.95
2014-04-09,3132564.1360000004,2.94
2014-04-10,3146712.499,2.93
2014-04-11,3157451.881,2.92
2014-04-12,3150767.232,2.92
2014-04-13,3138410.115,2.92
2014-04-14,3147969.313,2.92
2014-04-15,3145555.583,2.92
2014-04-16,3154203.53,2.91
2014-04-17,3159914.383,2.91
2014-04-18,3261927.183,2.86
2014-04-19,3257514.938,2.86
2014-04-20,3249364.565,2.85
2014-04-21,3238444.037,2.85
2014-04-22,3132398.5089999996,2.9
2014-04-23,3152092.925,2.9
2014-04-24,3146518.8439999996,2.92
2014-04-25,3114619.963,2.94
2014-04-26,3109341.6560000004,2.94
2014-04-27,3090843.307,2.94
2014-04-28,3083410.9639999997,2.95
2014-04-29,3077705.8430000003,2.96
2014-04-30,3050534.443,2.96
2014-05-01,3026962.79,2.97
2014-05-02,3012658.8619999997,2.97
2014-05-03,3003535.58,2.97
2014-05-04,2975500.3239999996,2.98
2014-05-05,2994133.4680000003,2.97
2014-05-06,3005180.869,2.97
2014-05-07,3016391.659,2.96
2014-05-08,3068590.497,2.95
2014-05-09,3103276.6689999998,2.94
2014-05-10,3088279.4560000002,2.94
2014-05-11,3079242.0930000003,2.95
2014-05-12,3084677.855,2.94
2014-05-13,3101565.5310000004,2.92
2014-05-14,3098534.015,2.92
2014-05-15,3073208.401,2.9
2014-05-16,3094593.497,2.87
2014-05-17,3087437.917,2.87
2014-05-18,3081949.472,2.87
2014-05-19,3078994.9510000004,2.85
2014-05-20,3087488.271,2.84
2014-05-21,3086503.213,2.84
2014-05-22,3141183.82,2.8
2014-05-23,3143694.67,2.81
2014-05-24,3131848.287,2.81
2014-05-25,3119481.0919999997,2.81
2014-05-26,3139587.396,2.81
2014-05-27,3128079.98,2.83
2014-05-28,3137279.735,2.83
2014-05-29,3135454.142,2.83
2014-05-30,3113727.0130000003,2.85
2014-05-31,3109782.603,2.85
2014-06-01,3100830.171,2.85
2014-06-02,3121267.56,2.82
2014-06-03,3060435.409,2.83
2014-06-04,2982381.341,2.86
2014-06-05,2974218.735,2.86
2014-06-06,3031661.733,2.82
2014-06-07,3026027.224,2.82
2014-06-08,3010688.858,2.82
2014-06-09,2987001.16,2.82
2014-06-10,2938560.1119999997,2.84
2014-06-11,2948137.314,2.81
2014-06-12,3009723.29,2.77
2014-06-13,2992816.108,2.76
2014-06-14,2986120.546,2.76
2014-06-15,2973000.0739999996,2.76
2014-06-16,2987150.537,2.74
2014-06-17,2983982.461,2.72
2014-06-18,2957743.6489999997,2.73
2014-06-19,2975906.715,2.67
2014-06-20,2982222.0489999996,2.66
2014-06-21,2978213.255,2.66
2014-06-22,2964841.8660000004,2.66
2014-06-23,2995183.297,2.65
2014-06-24,2985409.9689999996,2.66
2014-06-25,2957942.5939999996,2.67
2014-06-26,2965079.961,2.68
2014-06-27,2897845.9910000004,2.74
2014-06-28,2883805.827,2.74
2014-06-29,2875608.369,2.73
2014-06-30,2875727.526,2.74
2014-07-01,2881610.311,2.74
2014-07-02,2887453.762,2.73
2014-07-03,2900290.269,2.72
2014-07-04,2895071.997,2.71
2014-07-05,2878917.584,2.71
2014-07-06,2859785.0530000003,2.71
2014-07-07,2887699.3419999997,2.68
2014-07-08,2888745.7169999997,2.67
2014-07-09,2901309.6789999995,2.66
2014-07-10,2966650.314,2.6
2014-07-11,2987333.8019999997,2.59
2014-07-12,2982484.482,2.59
2014-07-13,2962696.827,2.59
2014-07-14,3021369.405,2.56
2014-07-15,3038496.7430000002,2.55
2014-07-16,3027854.912,2.55
2014-07-17,3053033.341,2.54
2014-07-18,3026006.4039999996,2.56
2014-07-19,3016429.264,2.56
2014-07-20,3013769.087,2.56
2014-07-21,2986282.14,2.57
2014-07-22,2931698.6689999998,2.6
2014-07-23,2932482.9110000003,2.6
2014-07-24,2918492.479,2.63
2014-07-25,2817686.374,2.67
2014-07-26,2811224.6960000005,2.67
2014-07-27,2794638.49,2.68
2014-07-28,2853931.4060000004,2.66
2014-07-29,2877182.885,2.65
2014-07-30,2852982.268,2.66
2014-07-31,2877583.0939999996,2.63
2014-08-01,2887019.16,2.62
2014-08-02,2882676.14,2.62
2014-08-03,2872436.8,2.62
2014-08-04,2878882.008,2.61
2014-08-05,2890427.981,2.61
2014-08-06,2907975.441,2.59
2014-08-07,2919049.272,2.57
2014-08-08,2936127.8789999997,2.55
2014-08-09,2929040.357,2.56
2014-08-10,2922765.2430000002,2.56
2014-08-11,2915625.606,2.55
2014-08-12,2927681.435,2.54
2014-08-13,2919266.952,2.55
2014-08-14,3090641.605,2.43
2014-08-15,3078336.29,2.44
2014-08-16,3054668.834,2.45
2014-08-17,3047460.711,2.44
2014-08-18,2929514.852,2.54
2014-08-19,2922097.655,2.54
2014-08-20,2919201.812,2.54
2014-08-21,2929254.535,2.53
2014-08-22,2972202.598,2.51
2014-08-23,2970333.0,2.51
2014-08-24,2949009.1089999997,2.51
2014-08-25,2896319.981,2.54
2014-08-26,2884688.8430000003,2.55
2014-08-27,2890087.425,2.55
2014-08-28,2824750.122,2.59
2014-08-29,2848509.7860000003,2.59
2014-08-30,2841797.3710000003,2.59
2014-08-31,2832932.172,2.6
2014-09-01,2843675.36,2.6
2014-09-02,2857110.897,2.6
2014-09-03,2845100.875,2.61
2014-09-04,2848184.755,2.6
2014-09-05,2838412.0539999995,2.61
2014-09-06,2831965.001,2.61
2014-09-07,2829575.7010000004,2.62
2014-09-08,2844111.833,2.61
2014-09-09,2883349.785,2.61
2014-09-10,2894625.088,2.61
2014-09-11,2896990.986,2.62
2014-09-12,2845575.272,2.63
2014-09-13,2839880.361,2.63
2014-09-14,2836872.3,2.63
2014-09-15,2787505.67,2.66
2014-09-16,2785611.725,2.66
2014-09-17,2803176.921,2.66
2014-09-18,2811900.6560000004,2.66
2014-09-19,2829383.1939999997,2.66
2014-09-20,2825096.435,2.66
2014-09-21,2815480.749,2.66
2014-09-22,2827504.902,2.65
2014-09-23,2844255.5919999997,2.65
2014-09-24,2816828.3860000004,2.65
2014-09-25,2791102.615,2.66
2014-09-26,2797743.845,2.67
2014-09-27,2794239.724,2.67
2014-09-28,2787470.145,2.67
2014-09-29,2801329.1139999996,2.67
2014-09-30,2790200.0360000003,2.68
2014-10-01,2739099.001,2.7
2014-10-02,2753109.31,2.69
2014-10-03,2762942.187,2.69
2014-10-04,2755058.8039999995,2.69
2014-10-05,2736027.545,2.7
2014-10-06,2796410.895,2.69
2014-10-07,2873315.164,2.66
2014-10-08,2879553.8039999995,2.66
2014-10-09,2887133.6969999997,2.67
2014-10-10,2895345.727,2.66
2014-10-11,2889978.727,2.66
2014-10-12,2877689.3,2.66
2014-10-13,2888906.5,2.67
2014-10-14,2879981.2369999997,2.67
2014-10-15,2878037.442,2.67
2014-10-16,2870252.959,2.67
2014-10-17,2870252.959,2.67
2014-10-18,2862521.131,2.66
2014-10-19,2850227.526,2.66
2014-10-20,2854838.599,2.62
2014-10-21,2868882.079,2.6
2014-10-22,2881336.018,2.59
2014-10-23,2883731.148,2.59
2014-10-24,2857854.88,2.6
2014-10-25,2851644.5110000004,2.6
2014-10-26,2839490.334,2.6
2014-10-27,2870646.6689999998,2.58
2014-10-28,2864544.9,2.59
2014-10-29,2886605.417,2.57
2014-10-30,2867845.708,2.57
2014-10-31,2892617.249,2.56
2014-11-01,2889524.979,2.56
2014-11-02,2881322.585,2.56
2014-11-03,2887001.058,2.54
2014-11-04,2888679.055,2.54
2014-11-05,2862989.8010000004,2.53
2014-11-06,3008479.642,2.42
2014-11-07,3031143.6160000004,2.4
2014-11-08,3025719.5310000004,2.4
2014-11-09,3018853.837,2.4
2014-11-10,3008158.235,2.39
2014-11-11,2997680.662,2.4
2014-11-12,3010940.143,2.39
2014-11-13,3004973.17,2.4
2014-11-14,3041736.3039999995,2.38
2014-11-15,3039485.88,2.38
2014-11-16,3031168.0089999996,2.38
2014-11-17,3034719.3430000003,2.37
2014-11-18,3049449.095,2.35
2014-11-19,3055671.5089999996,2.35
2014-11-20,3061033.95,2.35
2014-11-21,3077669.3310000002,2.34
2014-11-22,3074866.6160000004,2.34
2014-11-23,3065108.9080000003,2.34
2014-11-24,3015944.9460000005,2.39
2014-11-25,2995131.923,2.4
2014-11-26,2980778.225,2.42
2014-11-27,2904758.3660000004,2.47
2014-11-28,3009047.09,2.4
2014-11-29,3003927.646,2.4
2014-11-30,2991821.637,2.4
2014-12-01,2965784.2,2.42
2014-12-02,2862255.958,2.5
2014-12-03,2876626.541,2.49
2014-12-04,2982801.1160000004,2.4
2014-12-05,2958350.035,2.42
2014-12-06,2947679.353,2.42
2014-12-07,2933587.288,2.42
2014-12-08,2955505.905,2.41
2014-12-09,2966151.492,2.41
2014-12-10,2950713.901,2.41
2014-12-11,2976954.0739999996,2.39
2014-12-12,2962755.1,2.41
2014-12-13,2959627.1410000003,2.41
2014-12-14,2945828.7610000004,2.41
2014-12-15,2972359.973,2.39
2014-12-16,2999294.348,2.37
2014-12-17,3010489.13,2.37
2014-12-18,2960416.452,2.4
2014-12-19,3007343.887,2.4
2014-12-20,3000624.66,2.4
2014-12-21,2991689.615,2.4
2014-12-22,2981699.9069999997,2.41
2014-12-23,3033811.716,2.39
2014-12-24,3116377.4489999996,2.34
2014-12-25,3104520.377,2.35
2014-12-26,3102497.2539999997,2.35
2014-12-27,3098891.5160000003,2.35
2014-12-28,3085381.9910000004,2.35
2014-12-29,3064073.2369999997,2.37
2014-12-30,3075830.7060000002,2.37
2014-12-31,3124924.184,2.33
2015-01-01,3119040.9239999996,2.33
2015-01-02,3116310.979,2.34
2015-01-03,3103885.027,2.34
2015-01-04,3091094.791,2.34
2015-01-05,3036592.026,2.38
2015-01-06,3002292.9239999996,2.41
2015-01-07,3056096.0289999996,2.41
2015-01-08,3035626.5810000002,2.42
2015-01-09,3064640.3039999995,2.4
2015-01-10,3054875.541,2.4
2015-01-11,3039750.7210000004,2.4
2015-01-12,3058204.881,2.4
2015-01-13,3065103.883,2.4
2015-01-14,3053501.703,2.41
2015-01-15,3060463.96,2.41
2015-01-16,3048882.0530000003,2.42
2015-01-17,3039753.999,2.42
2015-01-18,3022639.4039999996,2.42
2015-01-19,3035529.925,2.42
2015-01-20,3063374.479,2.41
2015-01-21,3065414.943,2.41
2015-01-22,3076916.0,2.4
2015-01-23,3066089.18,2.41
2015-01-24,3059056.997,2.41
2015-01-25,3046717.358,2.41
2015-01-26,3047423.667,2.41
2015-01-27,3011484.171,2.41
2015-01-28,3018767.937,2.41
2015-01-29,2982610.5539999995,2.43
2015-01-30,3048902.023,2.4
2015-01-31,3047858.16,2.4
2015-02-01,3042750.325,2.4
2015-02-02,3067360.374,2.39
2015-02-03,3099488.506,2.37
2015-02-04,3096727.6989999996,2.37
2015-02-05,3091891.25,2.36
2015-02-06,3100628.2010000004,2.35
2015-02-07,3096373.6139999996,2.35
2015-02-08,3074677.853,2.35
2015-02-09,3086393.2010000004,2.35
2015-02-10,3113473.849,2.33
2015-02-11,3114840.97,2.32
2015-02-12,3107724.8660000004,2.32
2015-02-13,3132031.021,2.31
2015-02-14,3116541.375,2.31
2015-02-15,3105874.8910000003,2.31
2015-02-16,3137017.9080000003,2.3
2015-02-17,3127430.4710000004,2.3
2015-02-18,3120350.159,2.3
2015-02-19,3110150.5,2.3
2015-02-20,3161096.666,2.27
2015-02-21,3155889.026,2.27
2015-02-22,3142536.42,2.27
2015-02-23,3159528.578,2.25
2015-02-24,3149491.713,2.25
2015-02-25,3111859.762,2.28
2015-02-26,3031072.837,2.33
2015-02-27,3022793.7169999997,2.34
2015-02-28,3005015.168,2.34
2015-03-01,3000162.057,2.34
2015-03-02,2994989.495,2.34
2015-03-03,2988662.6939999997,2.33
2015-03-04,3021482.597,2.32
2015-03-05,3107325.901,2.25
2015-03-06,3133280.262,2.23
2015-03-07,3129388.607,2.23
2015-03-08,3110418.99,2.23
2015-03-09,3104353.195,2.24
2015-03-10,3121669.25,2.23
2015-03-11,3111191.704,2.23
2015-03-12,3132206.49,2.22
2015-03-13,3144737.205,2.21
2015-03-14,3140440.838,2.21
2015-03-15,3124993.329,2.21
2015-03-16,3151998.4069999997,2.19
2015-03-17,3188248.412,2.17
2015-03-18,3155183.006,2.19
2015-03-19,3058168.17,2.25
2015-03-20,3092094.7610000004,2.22
2015-03-21,3085002.845,2.22
2015-03-22,3073843.6119999997,2.22
2015-03-23,3085456.896,2.21
2015-03-24,3057893.356,2.22
2015-03-25,3005757.3430000003,2.23
2015-03-26,3052950.8219999997,2.2
2015-03-27,3036702.292,2.23
2015-03-28,3033170.584,2.22
2015-03-29,3017730.387,2.23
2015-03-30,3019091.978,2.24
2015-03-31,3015389.775,2.24
2015-04-01,3015897.6,2.24
2015-04-02,3025662.131,2.24
2015-04-03,3015985.09,2.24
2015-04-04,3003718.365,2.25
2015-04-05,2984078.2410000004,2.25
2015-04-06,2962072.5130000003,2.25
2015-04-07,2985017.715,2.24
2015-04-08,3001971.441,2.23
2015-04-09,3005011.367,2.21
2015-04-10,3013172.04,2.2
2015-04-11,3010597.3839999996,2.19
2015-04-12,2990762.151,2.2
2015-04-13,2987960.69,2.19
2015-04-14,2984617.397,2.2
2015-04-15,2991868.4839999997,2.19
2015-04-16,3031484.96,2.16
2015-04-17,3050106.722,2.14
2015-04-18,3046761.666,2.14
2015-04-19,3040156.981,2.14
2015-04-20,3046737.347,2.12
2015-04-21,3062785.354,2.11
2015-04-22,3059541.722,2.11
2015-04-23,3055986.0439999998,2.12
2015-04-24,3050466.874,2.13
2015-04-25,3040909.8510000003,2.13
2015-04-26,3033106.587,2.13
2015-04-27,3018251.896,2.16
2015-04-28,3038968.675,2.15
2015-04-29,3064618.752,2.14
2015-04-30,3112829.51,2.14
2015-05-01,3108456.7610000004,2.14
2015-05-02,3097163.021,2.14
2015-05-03,3091235.1989999996,2.14
2015-05-04,3000767.091,2.16
2015-05-05,2980173.349,2.17
2015-05-06,2985564.2819999997,2.16
2015-05-07,2975165.74,2.16
2015-05-08,2979530.328,2.14
2015-05-09,2977010.937,2.14
2015-05-10,2970077.829,2.14
2015-05-11,2970729.001,2.14
2015-05-12,2979540.841,2.13
2015-05-13,2971380.492,2.12
2015-05-14,2941343.733,2.13
2015-05-15,2918960.713,2.15
2015-05-16,2916666.9869999997,2.14
2015-05-17,2898403.3189999997,2.15
2015-05-18,2906235.336,2.12
2015-05-19,2909820.1139999996,2.11
2015-05-20,2938883.7410000004,2.09
2015-05-21,2935016.711,2.08
2015-05-22,2961058.784,2.06
2015-05-23,2958393.586,2.05
2015-05-24,2951189.231,2.05
2015-05-25,2919925.247,2.05
2015-05-26,2947266.771,2.03
2015-05-27,2936315.185,2.03
2015-05-28,2945273.2660000003,2.02
2015-05-29,2998814.838,1.98
2015-05-30,2989065.815,1.98
2015-05-31,2982859.4710000004,1.98
2015-06-01,2977913.4710000004,1.97
2015-06-02,2926751.943,2.0
2015-06-03,2977223.744,1.96
2015-06-04,2952064.829,1.97
2015-06-05,2952598.4239999996,1.96
2015-06-06,2947791.397,1.96
2015-06-07,2921956.238,1.96
2015-06-08,2903091.793,1.96
2015-06-09,2908318.852,1.96
2015-06-10,2925346.913,1.94
2015-06-11,2917640.065,1.94
2015-06-12,2925509.437,1.93
2015-06-13,2919457.387,1.92
2015-06-14,2900795.2410000004,1.92
2015-06-15,2926147.711,1.9
2015-06-16,2953061.461,1.88
2015-06-17,2938996.1810000003,1.89
2015-06-18,2924824.0439999998,1.88
2015-06-19,2928761.695,1.88
2015-06-20,2926424.752,1.88
2015-06-21,2918765.921,1.88
2015-06-22,2926491.52,1.87
2015-06-23,2925633.1339999996,1.87
2015-06-24,2933530.9480000003,1.87
2015-06-25,2917859.204,1.88
2015-06-26,2920603.6539999996,1.87
2015-06-27,2915988.847,1.87
2015-06-28,2897584.744,1.88
2015-06-29,2876907.81,1.88
2015-06-30,2925181.758,1.86
2015-07-01,2953192.5560000003,1.84
2015-07-02,2947370.1489999997,1.84
2015-07-03,2964569.2939999998,1.83
2015-07-04,2961750.28,1.83
2015-07-05,2948848.1339999996,1.83
2015-07-06,2968181.503,1.81
2015-07-07,2953838.628,1.8
2015-07-08,2951983.42,1.8
2015-07-09,2981175.1180000002,1.78
2015-07-10,2974795.345,1.78
2015-07-11,2968442.8230000003,1.77
2015-07-12,2960778.017,1.77
2015-07-13,2914678.341,1.79
2015-07-14,2919003.2210000004,1.79
2015-07-15,2919244.771,1.78
2015-07-16,2909053.05,1.78
2015-07-17,2926529.39,1.77
2015-07-18,2919652.313,1.77
2015-07-19,2912809.4869999997,1.76
2015-07-20,2853517.1010000003,1.78
2015-07-21,2858473.148,1.78
2015-07-22,2869520.271,1.77
2015-07-23,2862180.7410000004,1.77
2015-07-24,2871393.87,1.77
2015-07-25,2862341.9560000002,1.77
2015-07-26,2851552.9460000005,1.76
2015-07-27,2826640.015,1.78
2015-07-28,2851550.626,1.76
2015-07-29,2836378.8789999997,1.76
2015-07-30,2891965.374,1.74
2015-07-31,2850022.8260000004,1.75
2015-01-31,3047858.16,2.4
2015-02-28,3005015.168,2.34
2015-03-31,3015389.775,2.24
2015-04-30,3112829.51,2.14
2015-05-31,2982859.4710000004,1.98
2015-06-30,2925181.758,1.86
2015-07-31,2850022.8260000004,1.75
2015-08-01,2846769.4310000003,1.75
2015-08-02,2828807.587,1.75
2015-08-03,2828794.705,1.75
2015-08-04,2834026.902,1.75
2015-08-05,2827118.7339999997,1.75
2015-08-06,2833097.63,1.74
2015-08-07,2830064.028,1.74
2015-08-08,2822209.245,1.73
2015-08-09,2815205.9930000002,1.73
2015-08-10,2823910.942,1.73
2015-08-11,2828751.777,1.72
2015-08-12,2828766.347,1.72
2015-08-13,2834867.21,1.71
2015-08-14,2829656.115,1.71
2015-08-15,2827045.3839999996,1.71
2015-08-16,2819285.5110000004,1.71
2015-08-17,2776724.903,1.73
2015-08-18,2793435.916,1.72
2015-08-19,2795250.756,1.72
2015-08-20,2811156.0539999995,1.71
2015-08-21,2818352.28,1.71
2015-08-22,2815579.12,1.71
2015-08-23,2808121.103,1.71
2015-08-24,2776728.7430000002,1.73
2015-08-25,2753842.772,1.72
2015-08-26,2799881.835,1.7
2015-08-27,2767141.44,1.72
2015-08-28,2766781.0939999996,1.73
2015-08-29,2763827.4560000002,1.73
2015-08-30,2757882.1810000003,1.73
2015-08-31,2791880.689,1.72
2015-09-01,2798511.075,1.72
2015-09-02,2800010.443,1.72
2015-09-03,2811744.107,1.73
2015-09-04,2821639.311,1.72
2015-09-05,2820075.2939999998,1.72
2015-09-06,2812476.473,1.72
2015-09-07,2813434.0510000004,1.72
2015-09-08,2826310.5689999997,1.71
2015-09-09,2816161.76,1.71
2015-09-10,2810705.05,1.69
2015-09-11,2814085.75,1.69
2015-09-12,2809186.833,1.68
2015-09-13,2801000.232,1.68
2015-09-14,2775663.405,1.69
2015-09-15,2780920.6360000004,1.69
2015-09-16,2782622.627,1.68
2015-09-17,2790828.6960000005,1.66
2015-09-18,2802806.3430000003,1.65
2015-09-19,2801522.082,1.65
2015-09-20,2791823.765,1.66
2015-09-21,2795313.521,1.66
2015-09-22,2797321.7189999996,1.65
2015-09-23,2795344.3060000003,1.65
2015-09-24,2763089.849,1.69
2015-09-25,2749128.825,1.7
2015-09-26,2743600.34,1.7
2015-09-27,2729913.115,1.71
2015-09-28,2711510.25,1.71
2015-09-29,2706162.4480000003,1.71
2015-09-30,2748107.414,1.7
2015-10-01,2749779.144,1.7
2015-10-02,2776186.9069999997,1.69
2015-10-03,2769810.535,1.69
2015-10-04,2765008.389,1.69
2015-10-05,2765954.142,1.68
2015-10-06,2760549.932,1.68
2015-10-07,2760702.48,1.68
2015-10-08,2764022.409,1.66
2015-10-09,2783852.06,1.64
2015-10-10,2781067.809,1.64
2015-10-11,2777202.336,1.64
2015-10-12,2779043.107,1.64
2015-10-13,2779064.3039999995,1.64
2015-10-14,2796550.395,1.63
2015-10-15,2775577.856,1.62
2015-10-16,2782958.978,1.62
2015-10-17,2776970.153,1.62
2015-10-18,2770651.435,1.62
2015-10-19,2786591.1289999997,1.62
2015-10-20,2782834.0810000002,1.61
2015-10-21,2752486.291,1.63
2015-10-22,2725514.459,1.64
2015-10-23,2735714.235,1.63
2015-10-24,2729417.6139999996,1.63
2015-10-25,2721940.0710000005,1.63
2015-10-26,2790101.1980000003,1.61
2015-10-27,2805576.026,1.6
2015-10-28,2754642.893,1.62
2015-10-29,2781688.267,1.59
2015-10-30,2821049.76,1.57
2015-10-31,2816262.834,1.57
2015-11-01,2805918.45,1.57
2015-11-02,2819807.9060000004,1.57
2015-11-03,2827875.482,1.55
2015-11-04,2844300.4269999997,1.54
2015-11-05,2852013.1360000004,1.53
2015-11-06,2868957.6560000004,1.52
2015-11-07,2863842.068,1.52
2015-11-08,2846296.752,1.53
2015-11-09,2846806.3030000003,1.53
2015-11-10,2864011.6139999996,1.52
2015-11-11,2859129.728,1.52
2015-11-12,2876380.443,1.51
2015-11-13,2855520.8510000003,1.51
2015-11-14,2850231.398,1.51
2015-11-15,2831285.909,1.52
2015-11-16,2857319.578,1.5
2015-11-17,2860762.4510000004,1.5
2015-11-18,2846364.387,1.5
2015-11-19,2827149.849,1.51
2015-11-20,2831437.353,1.51
2015-11-21,2829850.834,1.51
2015-11-22,2824085.83,1.51
2015-11-23,2823701.2660000003,1.51
2015-11-24,2824579.6569999997,1.5
2015-11-25,2804332.55,1.51
2015-11-26,2809731.6410000003,1.51
2015-11-27,2892810.4110000003,1.47
2015-11-28,2883211.8260000004,1.47
2015-11-29,2876680.9689999996,1.47
2015-11-30,2871947.1160000004,1.47
2015-12-01,2856657.459,1.48
2015-12-02,2757483.7860000003,1.52
2015-12-03,2818149.102,1.48
2015-12-04,2834840.75,1.47
2015-12-05,2827897.4239999996,1.48
2015-12-06,2819348.682,1.48
2015-12-07,2828085.022,1.47
2015-12-08,2851265.125,1.46
2015-12-09,2847543.405,1.46
2015-12-10,2853009.77,1.46
2015-12-11,2890144.477,1.44
2015-12-12,2881416.288,1.44
2015-12-13,2871261.172,1.44
2015-12-14,2864348.736,1.44
2015-12-15,2876908.827,1.44
2015-12-16,2843002.716,1.45
2015-12-17,2854336.1010000003,1.44
2015-12-18,2867824.6960000005,1.44
2015-12-19,2866506.598,1.44
2015-12-20,2854620.611,1.44
2015-12-21,2824856.942,1.46
2015-12-22,2860553.099,1.44
2015-12-23,2824795.709,1.46
2015-12-24,2910148.6139999996,1.42
2015-12-25,2909319.715,1.42
2015-12-26,2903844.008,1.42
2015-12-27,2892756.155,1.42
2015-12-28,2859892.153,1.43
2015-12-29,2893912.075,1.42
2015-12-30,2918292.189,1.41
2015-12-31,2985023.796,1.38
2016-01-01,2982233.126,1.37
2016-01-02,2969681.1810000003,1.38
2016-01-03,2962912.236,1.38
2016-01-04,2958302.8060000003,1.38
2016-01-05,2959389.001,1.38
2016-01-06,2946669.28,1.38
2016-01-07,2941220.974,1.36
2016-01-08,2956259.25,1.35
2016-01-09,2950935.461,1.35
2016-01-10,2932742.5539999995,1.35
2016-01-11,2923135.1960000005,1.36
2016-01-12,2929661.0960000004,1.35
2016-01-13,2900803.796,1.36
2016-01-14,2910346.709,1.35
2016-01-15,2928107.54,1.35
2016-01-16,2925065.8710000003,1.34
2016-01-17,2917632.0689999997,1.34
2016-01-18,2911298.211,1.34
2016-01-19,2910264.902,1.34
2016-01-20,2906317.498,1.34
2016-01-21,2896989.538,1.34
2016-01-22,2915603.2819999997,1.33
2016-01-23,2914863.9460000005,1.33
2016-01-24,2909592.317,1.33
2016-01-25,2895264.2260000003,1.33
2016-01-26,2894979.4669999997,1.33
2016-01-27,2925969.0889999997,1.32
2016-01-28,2871597.997,1.33
2016-01-29,2856349.5539999995,1.33
2016-01-30,2854964.3710000003,1.33
2016-01-31,2845020.385,1.33
2016-02-01,2845635.5719999997,1.33
2016-02-02,2847191.238,1.33
2016-02-03,2853613.936,1.32
2016-02-04,2842339.1789999995,1.32
2016-02-05,2850452.495,1.32
2016-02-06,2842647.647,1.32
2016-02-07,2831301.1339999996,1.32
2016-02-08,2845980.788,1.32
2016-02-09,2851381.252,1.32
2016-02-10,2852813.9269999997,1.32
2016-02-11,2852481.978,1.32
2016-02-12,2843195.577,1.31
2016-02-13,2841236.332,1.31
2016-02-14,2835211.666,1.31
2016-02-15,2828432.235,1.32
2016-02-16,2823534.4960000003,1.32
2016-02-17,2821203.421,1.32
2016-02-18,2832306.4260000004,1.31
2016-02-19,2850991.492,1.3
2016-02-20,2844155.784,1.3
2016-02-21,2822319.127,1.31
2016-02-22,2852190.89,1.3
2016-02-23,2866428.1610000003,1.29
2016-02-24,2853348.902,1.3
2016-02-25,2843245.4760000003,1.3
2016-02-26,2826197.3219999997,1.31
2016-02-27,2822187.0289999996,1.31
2016-02-28,2813944.117,1.31
2016-02-29,2789617.6,1.32
2016-03-01,2796663.9639999997,1.31
2016-03-02,2807483.7260000003,1.31
2016-03-03,2826811.039,1.3
2016-03-04,2809360.017,1.3
2016-03-05,2799140.369,1.3
2016-03-06,2791850.2830000003,1.3
2016-03-07,2784782.1789999995,1.3
2016-03-08,2791422.8230000003,1.3
2016-03-09,2799614.3710000003,1.29
2016-03-10,2819783.1560000004,1.28
2016-03-11,2814080.252,1.28
2016-03-12,2811449.796,1.28
2016-03-13,2806214.564,1.28
2016-03-14,2798388.09,1.29
2016-03-15,2815408.909,1.28
2016-03-16,2811620.675,1.28
2016-03-17,2801837.4289999995,1.28
2016-03-18,2804848.9260000004,1.28
2016-03-19,2803199.067,1.28
2016-03-20,2785180.943,1.29
2016-03-21,2764148.6610000003,1.3
2016-03-22,2764848.4910000004,1.3
2016-03-23,2791625.8639999996,1.28
2016-03-24,2784593.228,1.28
2016-03-25,2843275.8189999997,1.26
2016-03-26,2836154.652,1.26
2016-03-27,2826789.3210000005,1.26
2016-03-28,2805105.45,1.27
2016-03-29,2806434.9439999997,1.27
2016-03-30,2779184.84,1.28
2016-03-31,2781213.982,1.28
2016-04-01,2796653.2739999997,1.27
2016-04-02,2790283.943,1.27
2016-04-03,2782791.006,1.27
2016-04-04,2765139.901,1.28
2016-04-05,2759614.535,1.28
2016-04-06,2755305.499,1.28
2016-04-07,2796086.11,1.26
2016-04-08,2808533.829,1.25
2016-04-09,2797478.47,1.26
2016-04-10,2787467.5239999997,1.26
2016-04-11,2780365.173,1.26
2016-04-12,2788777.777,1.26
2016-04-13,2784222.73,1.26
2016-04-14,2778171.375,1.26
2016-04-15,2793804.8789999997,1.25
2016-04-16,2790784.729,1.25
2016-04-17,2782440.9489999996,1.25
2016-04-18,2774435.1810000003,1.25
2016-04-19,2781425.251,1.25
2016-04-20,2754608.312,1.26
2016-04-21,2763476.4280000003,1.25
2016-04-22,2746181.972,1.26
2016-04-23,2744020.107,1.26
2016-04-24,2733251.1160000004,1.26
2016-04-25,2687073.191,1.28
2016-04-26,2733490.222,1.26
2016-04-27,2742287.6410000003,1.26
2016-04-28,2749384.097,1.26
2016-04-29,2782723.098,1.24
2016-04-30,2778098.313,1.24
2016-05-01,2768764.185,1.24
2016-05-02,2766810.7830000003,1.24
2016-05-03,2887423.591,1.2
2016-05-04,2895889.475,1.2
2016-05-05,2876029.615,1.2
2016-05-06,2886790.49,1.2
2016-05-07,2879971.9839999997,1.2
2016-05-08,2865829.811,1.2
2016-05-09,2838508.9910000004,1.21
2016-05-10,2859442.5719999997,1.2
2016-05-11,2858646.98,1.2
2016-05-12,2853819.146,1.2
2016-05-13,2865835.472,1.19
2016-05-14,2862189.6119999997,1.19
2016-05-15,2858250.8589999997,1.2
2016-05-16,2842270.295,1.2
2016-05-17,2848253.088,1.2
2016-05-18,2851375.26,1.2
2016-05-19,2849772.1139999996,1.2
2016-05-20,2816045.773,1.21
2016-05-21,2812201.1360000004,1.21
2016-05-22,2805827.3189999997,1.21
2016-05-23,2805366.797,1.21
2016-05-24,2800965.021,1.21
2016-05-25,2802983.778,1.21
2016-05-26,2793652.341,1.21
2016-05-27,2808546.501,1.21
2016-05-28,2803989.7139999997,1.21
2016-05-29,2802432.166,1.21
2016-05-30,2787824.2569999998,1.21
2016-05-31,2847829.2169999997,1.19
2016-06-01,2865459.673,1.19
2016-06-02,2869945.4289999995,1.18
2016-06-03,2879807.17,1.18
2016-06-04,2878796.628,1.18
2016-06-05,2872450.021,1.18
2016-06-06,2864891.941,1.18
2016-06-07,2863462.9280000003,1.18
2016-06-08,2882976.113,1.18
2016-06-09,2887776.042,1.17
2016-06-10,2914648.7939999998,1.16
2016-06-11,2907570.4080000003,1.16
2016-06-12,2895122.119,1.17
2016-06-13,2900840.4930000002,1.17
2016-06-14,2924622.8239999996,1.16
2016-06-15,2925631.751,1.16
2016-06-16,2911635.3039999995,1.16
2016-06-17,2928792.268,1.15
2016-06-18,2925143.106,1.15
2016-06-19,2923274.412,1.15
2016-06-20,2919830.405,1.15
2016-06-21,2859663.933,1.17
2016-06-22,2869850.89,1.17
2016-06-23,2843232.869,1.18
2016-06-24,2857511.785,1.17
2016-06-25,2854968.522,1.17
2016-06-26,2849559.376,1.17
2016-06-27,2821432.6339999996,1.18
2016-06-28,2827564.203,1.18
2016-06-29,2916257.495,1.15
2016-06-30,2938085.164,1.14
2016-07-01,2958673.365,1.13
2016-07-02,2957387.3039999995,1.13
2016-07-03,2953630.389,1.13
2016-07-04,2950092.4480000003,1.13
2016-07-05,2991344.139,1.12
2016-07-06,3010333.631,1.11
2016-07-07,3009486.816,1.11
2016-07-08,3037541.186,1.1
2016-07-09,3025884.979,1.1
2016-07-10,3015448.48,1.11
2016-07-11,2969268.0539999995,1.12
2016-07-12,2970030.477,1.12
2016-07-13,2968806.242,1.12
2016-07-14,2959659.598,1.12
2016-07-15,2962621.387,1.12
2016-07-16,2958420.828,1.12
2016-07-17,2948500.769,1.12
2016-07-18,2909598.4280000003,1.14
2016-07-19,2915145.85,1.13
2016-07-20,2937250.495,1.13
2016-07-21,2933574.207,1.13
2016-07-22,2911681.9269999997,1.13
2016-07-23,2902544.7430000002,1.14
2016-07-24,2891962.019,1.14
2016-07-25,2894477.827,1.14
2016-07-26,2894499.847,1.14
2016-07-27,2910924.3989999997,1.13
2016-07-28,2894903.083,1.14
2016-07-29,2938380.441,1.13
2016-07-30,2934513.9910000004,1.13
2016-07-31,2932007.166,1.13
2016-08-01,2923172.082,1.13
2016-08-02,2926119.9110000003,1.12
2016-08-03,2907444.355,1.13
2016-08-04,2885412.75,1.13
2016-08-05,2906235.773,1.13
2016-08-06,2899536.297,1.13
2016-08-07,2884322.921,1.13
2016-08-08,2834963.4110000003,1.15
2016-08-09,2832053.05,1.15
2016-08-10,2861141.7139999997,1.14
2016-08-11,2823353.8219999997,1.15
2016-08-12,2846500.753,1.14
2016-08-13,2844550.749,1.14
2016-08-14,2840788.883,1.14
2016-08-15,2839231.021,1.14
2016-08-16,2820817.788,1.14
2016-08-17,2817201.2739999997,1.15
2016-08-18,2823651.534,1.14
2016-08-19,2843075.48,1.13
2016-08-20,2839111.647,1.13
2016-08-21,2832494.311,1.13
2016-08-22,2799981.084,1.14
2016-08-23,2821106.771,1.14
2016-08-24,2812346.235,1.14
2016-08-25,2824384.099,1.13
2016-08-26,2877285.777,1.12
2016-08-27,2871692.207,1.12
2016-08-28,2868697.4260000004,1.11
2016-08-29,2840193.865,1.12
2016-08-30,2846137.817,1.12
2016-08-31,2857098.562,1.12
2016-09-01,2878266.262,1.11
2016-09-02,2891499.065,1.1
2016-09-03,2889394.92,1.1
2016-09-04,2877699.289,1.1
2016-09-05,2932433.5439999998,1.09
2016-09-06,2936358.8989999997,1.09
2016-09-07,2913370.36,1.09
2016-09-08,2937940.767,1.08
2016-09-09,2951584.291,1.08
2016-09-10,2943282.392,1.08
2016-09-11,2932606.836,1.08
2016-09-12,2875490.689,1.1
2016-09-13,2904111.541,1.09
2016-09-14,2910540.9310000003,1.09
2016-09-15,2874707.6989999996,1.1
2016-09-16,2899559.065,1.09
2016-09-17,2897611.204,1.08
2016-09-18,2896928.145,1.08
2016-09-19,2871833.9039999996,1.09
2016-09-20,2871053.9469999997,1.09
2016-09-21,2860082.438,1.09
2016-09-22,2837947.4469999997,1.1
2016-09-23,2827764.133,1.1
2016-09-24,2824913.104,1.1
2016-09-25,2815478.3880000003,1.1
2016-09-26,2785116.248,1.11
2016-09-27,2824544.6560000004,1.09
2016-09-28,2834705.5319999997,1.09
2016-09-29,2804770.918,1.1
2016-09-30,2846616.4,1.08
2016-10-01,2844440.518,1.08
2016-10-02,2839251.245,1.08
2016-10-03,2879279.869,1.07
2016-10-04,2899758.818,1.06
2016-10-05,2760464.5089999996,1.1
2016-10-06,2759996.7460000003,1.1
2016-10-07,2771738.502,1.09
2016-10-08,2756087.434,1.1
2016-10-09,2744382.422,1.1
2016-10-10,2750690.559,1.1
2016-10-11,2758331.117,1.09
2016-10-12,2676108.731,1.12
2016-10-13,2673293.224,1.12
2016-10-14,2687325.2810000004,1.11
2016-10-15,2684798.936,1.11
2016-10-16,2676928.149,1.11
2016-10-17,2648198.961,1.12
2016-10-18,2656853.614,1.11
2016-10-19,2656062.754,1.11
2016-10-20,2622517.425,1.12
2016-10-21,2625592.295,1.12
2016-10-22,2622801.946,1.12
2016-10-23,2608770.075,1.12
2016-10-24,2614478.4930000002,1.12
2016-10-25,2631865.0,1.11
2016-10-26,2634929.453,1.11
2016-10-27,2600699.7180000003,1.12
2016-10-28,2677622.857,1.09
2016-10-29,2676011.83,1.09
2016-10-30,2659776.6659999997,1.09
2016-10-31,2714927.683,1.07
2016-11-01,2717764.4960000003,1.07
2016-11-02,2711019.8430000003,1.07
2016-11-03,2739575.8060000003,1.06
2016-11-04,2742904.216,1.06
2016-11-05,2740521.453,1.06
2016-11-06,2734894.3189999997,1.06
2016-11-07,2721103.1489999997,1.06
2016-11-08,2719292.317,1.06
2016-11-09,2714997.401,1.07
2016-11-10,2709892.043,1.07
2016-11-11,2745567.063,1.05
2016-11-12,2740451.2139999997,1.05
2016-11-13,2739190.9039999996,1.05
2016-11-14,2738807.2860000003,1.05
2016-11-15,2758773.611,1.05
2016-11-16,2761315.731,1.04
2016-11-17,2770802.187,1.04
2016-11-18,2777292.0760000004,1.04
2016-11-19,2775518.9639999997,1.04
2016-11-20,2771020.6739999996,1.04
2016-11-21,2765222.2539999997,1.04
2016-11-22,2806242.189,1.02
2016-11-23,2808431.773,1.02
2016-11-24,2808681.583,1.02
2016-11-25,2799420.958,1.02
2016-11-26,2792620.8619999997,1.03
2016-11-27,2781947.1769999997,1.03
2016-11-28,2759850.707,1.03
2016-11-29,2821047.7339999997,1.01
2016-11-30,2813990.4680000003,1.01
2016-12-01,2810444.4080000003,1.01
2016-12-02,2796401.973,1.02
2016-12-03,2794673.126,1.02
2016-12-04,2772686.055,1.02
2016-12-05,2760106.914,1.02
2016-12-06,2769554.3060000003,1.02
2016-12-07,2733609.547,1.03
2016-12-08,2743613.8030000003,1.03
2016-12-09,2754277.736,1.02
2016-12-10,2752113.758,1.02
2016-12-11,2728637.997,1.03
2016-12-12,2740811.082,1.02
2016-12-13,2738210.043,1.03
2016-12-14,2762194.5089999996,1.02
2016-12-15,2797290.8439999996,1.01
2016-12-16,2805517.0110000004,1.0
2016-12-17,2797985.943,1.0
2016-12-18,2795360.586,1.0
2016-12-19,2772293.0760000004,1.01
2016-12-20,2755580.182,1.01
2016-12-21,2754567.8589999997,1.01
2016-12-22,2744777.2939999998,1.01
2016-12-23,2771410.995,1.01
2016-12-24,2769666.626,1.0
2016-12-25,2765725.211,1.01
2016-12-26,2757472.2180000003,1.01
2016-12-27,2746318.0710000005,1.01
2016-12-28,2730619.465,1.01
2016-12-29,2782392.16,1.0
2016-12-30,2849167.9310000003,0.98
2016-12-31,2847914.16,0.98
