Date,Currency,Duration,con_Bid,con_Ask
20/02/2017,RON,1,0.1,0.4
17/02/2017,RON,1,0.1,0.4
16/02/2017,RON,1,0.1,0.4
15/02/2017,RON,1,0.1,0.4
14/02/2017,RON,1,0.1,0.4
13/02/2017,RON,1,0.1,0.4
10/2/2017,RON,1,0.15,0.45
9/2/2017,RON,1,0.15,0.45
8/2/2017,RON,1,0.15,0.45
7/2/2017,RON,1,0.15,0.45
6/2/2017,RON,1,0.15,0.45
3/2/2017,RON,1,0.17,0.47
2/2/2017,RON,1,0.18,0.48
1/2/2017,RON,1,0.15,0.45
31/01/2017,RON,1,0.15,0.45
30/01/2017,RON,1,0.15,0.45
27/01/2017,RON,1,0.2,0.5
26/01/2017,RON,1,0.2,0.5
25/01/2017,RON,1,0.2,0.5
23/01/2017,RON,1,0.15,0.45
20/01/2017,RON,1,0.1,0.4
19/01/2017,RON,1,0.1,0.4
18/01/2017,RON,1,0.1,0.4
17/01/2017,RON,1,0.1,0.4
16/01/2017,RON,1,0.1,0.4
13/01/2017,RON,1,0.1,0.4
12/1/2017,RON,1,0.1,0.4
11/1/2017,RON,1,0.1,0.4
10/1/2017,RON,1,0.1,0.4
9/1/2017,RON,1,0.1,0.4
6/1/2017,RON,1,0.1,0.4
5/1/2017,RON,1,0.1,0.4
4/1/2017,RON,1,0.15,0.45
3/1/2017,RON,1,0.2,0.5
30/12/2016,RON,1,0.24,0.57
29/12/2016,RON,1,0.25,0.58
28/12/2016,RON,1,0.22,0.55
27/12/2016,RON,1,0.3,0.65
23/12/2016,RON,1,0.24,0.59
22/12/2016,RON,1,0.2,0.5
21/12/2016,RON,1,0.1,0.4
20/12/2016,RON,1,0.1,0.4
19/12/2016,RON,1,0.1,0.4
16/12/2016,RON,1,0.1,0.4
15/12/2016,RON,1,0.15,0.45
14/12/2016,RON,1,0.15,0.45
13/12/2016,RON,1,0.15,0.45
12/12/2016,RON,1,0.15,0.45
9/12/2016,RON,1,0.15,0.45
8/12/2016,RON,1,0.15,0.45
7/12/2016,RON,1,0.15,0.45
6/12/2016,RON,1,0.2,0.5
5/12/2016,RON,1,0.2,0.5
2/12/2016,RON,1,0.2,0.5
29/11/2016,RON,1,0.2,0.5
28/11/2016,RON,1,0.2,0.5
25/11/2016,RON,1,0.2,0.5
24/11/2016,RON,1,0.25,0.55
23/11/2016,RON,1,0.15,0.45
22/11/2016,RON,1,0.15,0.45
21/11/2016,RON,1,0.15,0.45
18/11/2016,RON,1,0.15,0.45
17/11/2016,RON,1,0.15,0.45
16/11/2016,RON,1,0.15,0.45
15/11/2016,RON,1,0.2,0.5
14/11/2016,RON,1,0.2,0.5
11/11/2016,RON,1,0.2,0.5
10/11/2016,RON,1,0.2,0.5
9/11/2016,RON,1,0.25,0.55
8/11/2016,RON,1,0.25,0.55
7/11/2016,RON,1,0.25,0.55
4/11/2016,RON,1,0.25,0.55
3/11/2016,RON,1,0.25,0.55
2/11/2016,RON,1,0.25,0.55
1/11/2016,RON,1,0.3,0.6
31/10/2016,RON,1,0.3,0.6
28/10/2016,RON,1,0.3,0.6
27/10/2016,RON,1,0.25,0.55
26/10/2016,RON,1,0.3,0.6
25/10/2016,RON,1,0.2,0.5
24/10/2016,RON,1,0.2,0.5
21/10/2016,RON,1,0.1,0.4
20/10/2016,RON,1,0.1,0.4
19/10/2016,RON,1,0.1,0.4
18/10/2016,RON,1,0.1,0.4
17/10/2016,RON,1,0.1,0.4
14/10/2016,RON,1,0.1,0.4
13/10/2016,RON,1,0.1,0.4
12/10/2016,RON,1,0.1,0.4
11/10/2016,RON,1,0.1,0.4
10/10/2016,RON,1,0.1,0.4
7/10/2016,RON,1,0.1,0.4
6/10/2016,RON,1,0.1,0.4
5/10/2016,RON,1,0.1,0.4
4/10/2016,RON,1,0.15,0.45
3/10/2016,RON,1,0.15,0.45
30/09/2016,RON,1,0.15,0.45
29/09/2016,RON,1,0.15,0.45
28/09/2016,RON,1,0.15,0.45
27/09/2016,RON,1,0.15,0.45
26/09/2016,RON,1,0.2,0.5
23/09/2016,RON,1,0.1,0.4
22/09/2016,RON,1,0.1,0.4
21/09/2016,RON,1,0.1,0.4
20/09/2016,RON,1,0.1,0.4
19/09/2016,RON,1,0.1,0.4
16/09/2016,RON,1,0.1,0.4
15/09/2016,RON,1,0.1,0.4
14/09/2016,RON,1,0.1,0.4
13/09/2016,RON,1,0.1,0.4
12/9/2016,RON,1,0.1,0.4
9/9/2016,RON,1,0.1,0.4
8/9/2016,RON,1,0.1,0.4
7/9/2016,RON,1,0.1,0.4
6/9/2016,RON,1,0.1,0.4
5/9/2016,RON,1,0.1,0.4
2/9/2016,RON,1,0.1,0.4
1/9/2016,RON,1,0.1,0.4
31/08/2016,RON,1,0.15,0.45
30/08/2016,RON,1,0.2,0.5
29/08/2016,RON,1,0.2,0.5
26/08/2016,RON,1,0.2,0.5
25/08/2016,RON,1,0.2,0.5
24/08/2016,RON,1,0.2,0.5
23/08/2016,RON,1,0.15,0.45
22/08/2016,RON,1,0.15,0.45
19/08/2016,RON,1,0.15,0.45
18/08/2016,RON,1,0.15,0.45
17/08/2016,RON,1,0.15,0.45
16/08/2016,RON,1,0.2,0.5
12/8/2016,RON,1,0.2,0.5
11/8/2016,RON,1,0.15,0.45
10/8/2016,RON,1,0.15,0.45
9/8/2016,RON,1,0.15,0.45
8/8/2016,RON,1,0.15,0.45
5/8/2016,RON,1,0.15,0.45
4/8/2016,RON,1,0.15,0.45
3/8/2016,RON,1,0.15,0.45
2/8/2016,RON,1,0.2,0.5
1/8/2016,RON,1,0.2,0.5
29/07/2016,RON,1,0.25,0.55
28/07/2016,RON,1,0.24,0.54
27/07/2016,RON,1,0.25,0.55
26/07/2016,RON,1,0.25,0.55
25/07/2016,RON,1,0.15,0.45
22/07/2016,RON,1,0.1,0.4
21/07/2016,RON,1,0.1,0.4
20/07/2016,RON,1,0.1,0.4
19/07/2016,RON,1,0.1,0.4
18/07/2016,RON,1,0.1,0.35
15/07/2016,RON,1,0.1,0.35
14/07/2016,RON,1,0.11,0.36
13/07/2016,RON,1,0.1,0.35
12/7/2016,RON,1,0.1,0.35
11/7/2016,RON,1,0.1,0.35
8/7/2016,RON,1,0.1,0.35
7/7/2016,RON,1,0.15,0.4
6/7/2016,RON,1,0.15,0.4
5/7/2016,RON,1,0.15,0.45
4/7/2016,RON,1,0.15,0.45
1/7/2016,RON,1,0.15,0.45
30/06/2016,RON,1,0.15,0.45
29/06/2016,RON,1,0.15,0.45
28/06/2016,RON,1,0.2,0.5
27/06/2016,RON,1,0.2,0.5
24/06/2016,RON,1,0.25,0.55
23/06/2016,RON,1,0.1,0.4
22/06/2016,RON,1,0.1,0.4
21/06/2016,RON,1,0.1,0.4
17/06/2016,RON,1,0.1,0.4
16/06/2016,RON,1,0.1,0.4
15/06/2016,RON,1,0.1,0.4
14/06/2016,RON,1,0.1,0.4
13/06/2016,RON,1,0.1,0.4
10/6/2016,RON,1,0.1,0.4
9/6/2016,RON,1,0.1,0.4
8/6/2016,RON,1,0.1,0.4
7/6/2016,RON,1,0.1,0.4
6/6/2016,RON,1,0.1,0.4
3/6/2016,RON,1,0.1,0.4
2/6/2016,RON,1,0.1,0.4
1/6/2016,RON,1,0.1,0.4
31/05/2016,RON,1,0.1,0.4
30/05/2016,RON,1,0.1,0.4
27/05/2016,RON,1,0.1,0.4
26/05/2016,RON,1,0.15,0.45
25/05/2016,RON,1,0.15,0.45
24/05/2016,RON,1,0.15,0.45
23/05/2016,RON,1,0.1,0.4
20/05/2016,RON,1,0.1,0.4
19/05/2016,RON,1,0.1,0.4
18/05/2016,RON,1,0.1,0.4
17/05/2016,RON,1,0.1,0.4
16/05/2016,RON,1,0.1,0.4
13/05/2016,RON,1,0.1,0.4
12/5/2016,RON,1,0.15,0.45
11/5/2016,RON,1,0.15,0.45
10/5/2016,RON,1,0.15,0.45
9/5/2016,RON,1,0.15,0.45
6/5/2016,RON,1,0.15,0.45
5/5/2016,RON,1,0.15,0.45
4/5/2016,RON,1,0.15,0.45
3/5/2016,RON,1,0.2,0.5
29/04/2016,RON,1,0.25,0.55
28/04/2016,RON,1,0.25,0.55
27/04/2016,RON,1,0.2,0.5
26/04/2016,RON,1,0.17,0.47
25/04/2016,RON,1,0.15,0.45
22/04/2016,RON,1,0.12,0.42
21/04/2016,RON,1,0.12,0.42
20/04/2016,RON,1,0.1,0.4
19/04/2016,RON,1,0.1,0.4
18/04/2016,RON,1,0.1,0.4
15/04/2016,RON,1,0.1,0.4
14/04/2016,RON,1,0.1,0.4
13/04/2016,RON,1,0.1,0.4
12/4/2016,RON,1,0.1,0.4
11/4/2016,RON,1,0.1,0.4
8/4/2016,RON,1,0.1,0.4
7/4/2016,RON,1,0.1,0.4
6/4/2016,RON,1,0.1,0.4
5/4/2016,RON,1,0.1,0.4
4/4/2016,RON,1,0.1,0.4
1/4/2016,RON,1,0.1,0.4
31/03/2016,RON,1,0.1,0.4
30/03/2016,RON,1,0.1,0.4
29/03/2016,RON,1,0.1,0.4
28/03/2016,RON,1,0.1,0.4
25/03/2016,RON,1,0.1,0.4
24/03/2016,RON,1,0.08,0.38
23/03/2016,RON,1,0.08,0.38
22/03/2016,RON,1,0.08,0.38
21/03/2016,RON,1,0.08,0.38
18/03/2016,RON,1,0.08,0.38
17/03/2016,RON,1,0.08,0.38
16/03/2016,RON,1,0.08,0.38
15/03/2016,RON,1,0.03,0.33
14/03/2016,RON,1,0.03,0.33
11/3/2016,RON,1,0.05,0.35
10/3/2016,RON,1,0.05,0.35
9/3/2016,RON,1,0.05,0.35
8/3/2016,RON,1,0.05,0.35
7/3/2016,RON,1,0.02,0.32
4/3/2016,RON,1,0.05,0.35
3/3/2016,RON,1,0.02,0.32
2/3/2016,RON,1,0.05,0.35
1/3/2016,RON,1,0.03,0.33
29/02/2016,RON,1,0.05,0.35
26/02/2016,RON,1,0.05,0.35
25/02/2016,RON,1,0.05,0.35
24/02/2016,RON,1,0.05,0.35
23/02/2016,RON,1,0.03,0.33
22/02/2016,RON,1,0.03,0.33
19/02/2016,RON,1,0.03,0.33
18/02/2016,RON,1,0.05,0.35
17/02/2016,RON,1,0.05,0.35
16/02/2016,RON,1,0.05,0.35
15/02/2016,RON,1,0.05,0.35
12/2/2016,RON,1,0.05,0.35
11/2/2016,RON,1,0.01,0.31
10/2/2016,RON,1,0.01,0.31
9/2/2016,RON,1,0.01,0.31
8/2/2016,RON,1,0.01,0.31
5/2/2016,RON,1,0.01,0.31
4/2/2016,RON,1,0.05,0.35
3/2/2016,RON,1,0.05,0.35
2/2/2016,RON,1,0.05,0.35
1/2/2016,RON,1,0.05,0.35
29/01/2016,RON,1,0.05,0.35
28/01/2016,RON,1,0.05,0.45
27/01/2016,RON,1,0.05,0.5
26/01/2016,RON,1,0.05,0.35
25/01/2016,RON,1,0.05,0.35
22/01/2016,RON,1,0.01,0.31
21/01/2016,RON,1,0.01,0.31
20/01/2016,RON,1,0.01,0.31
19/01/2016,RON,1,0.01,0.31
18/01/2016,RON,1,0.01,0.31
15/01/2016,RON,1,0.01,0.31
14/01/2016,RON,1,0.01,0.31
13/01/2016,RON,1,0.01,0.31
12/1/2016,RON,1,0.01,0.31
11/1/2016,RON,1,0.02,0.42
8/1/2016,RON,1,0.05,0.45
7/1/2016,RON,1,0.05,0.45
6/1/2016,RON,1,0.05,0.5
5/1/2016,RON,1,0.1,0.55
4/1/2016,RON,1,0.1,0.55
31/12/2015,RON,1,0.1,0.55
30/12/2015,RON,1,0.15,0.6
29/12/2015,RON,1,0.15,0.6
28/12/2015,RON,1,0.15,0.6
24/12/2015,RON,1,0.2,0.65
23/12/2015,RON,1,0.15,0.6
22/12/2015,RON,1,0.15,0.6
21/12/2015,RON,1,0.1,0.55
18/12/2015,RON,1,0.1,0.55
17/12/2015,RON,1,0.1,0.55
16/12/2015,RON,1,0.1,0.55
15/12/2015,RON,1,0.1,0.55
14/12/2015,RON,1,0.15,0.6
11/12/2015,RON,1,0.15,0.6
10/12/2015,RON,1,0.15,0.6
9/12/2015,RON,1,0.15,0.6
8/12/2015,RON,1,0.15,0.6
7/12/2015,RON,1,0.15,0.6
4/12/2015,RON,1,0.15,0.6
3/12/2015,RON,1,0.2,0.65
2/12/2015,RON,1,0.2,0.65
27/11/2015,RON,1,0.2,0.65
26/11/2015,RON,1,0.25,0.7
25/11/2015,RON,1,0.25,0.7
24/11/2015,RON,1,0.25,0.7
23/11/2015,RON,1,0.15,0.6
20/11/2015,RON,1,0.15,0.6
19/11/2015,RON,1,0.15,0.6
18/11/2015,RON,1,0.15,0.6
17/11/2015,RON,1,0.15,0.6
16/11/2015,RON,1,0.15,0.6
13/11/2015,RON,1,0.15,0.6
12/11/2015,RON,1,0.15,0.6
11/11/2015,RON,1,0.15,0.6
10/11/2015,RON,1,0.2,0.65
9/11/2015,RON,1,0.2,0.65
6/11/2015,RON,1,0.2,0.65
5/11/2015,RON,1,0.2,0.65
4/11/2015,RON,1,0.2,0.65
3/11/2015,RON,1,0.2,0.65
2/11/2015,RON,1,0.25,0.7
30/10/2015,RON,1,0.25,0.7
29/10/2015,RON,1,0.3,0.75
28/10/2015,RON,1,0.35,0.8
27/10/2015,RON,1,0.5,0.95
26/10/2015,RON,1,0.6,1.05
23/10/2015,RON,1,0.2,0.65
22/10/2015,RON,1,0.2,0.65
21/10/2015,RON,1,0.2,0.65
20/10/2015,RON,1,0.2,0.65
19/10/2015,RON,1,0.2,0.65
16/10/2015,RON,1,0.2,0.65
15/10/2015,RON,1,0.25,0.7
14/10/2015,RON,1,0.3,0.75
13/10/2015,RON,1,0.35,0.8
12/10/2015,RON,1,0.4,0.85
9/10/2015,RON,1,0.4,0.85
8/10/2015,RON,1,0.5,0.95
7/10/2015,RON,1,0.6,1.05
6/10/2015,RON,1,0.7,1.15
5/10/2015,RON,1,0.8,1.25
2/10/2015,RON,1,0.95,1.4
1/10/2015,RON,1,1.05,1.5
30/09/2015,RON,1,1.25,1.7
29/09/2015,RON,1,1.25,1.7
28/09/2015,RON,1,1.1,1.55
25/09/2015,RON,1,1.1,1.55
24/09/2015,RON,1,1.05,1.5
23/09/2015,RON,1,0.15,0.6
22/09/2015,RON,1,0.15,0.6
21/09/2015,RON,1,0.15,0.6
18/09/2015,RON,1,0.21,0.66
17/09/2015,RON,1,0.2,0.65
16/09/2015,RON,1,0.2,0.65
15/09/2015,RON,1,0.25,0.7
14/09/2015,RON,1,0.5,0.95
11/9/2015,RON,1,0.6,1.05
10/9/2015,RON,1,0.6,1.05
9/9/2015,RON,1,0.7,1.15
8/9/2015,RON,1,0.65,1.1
7/9/2015,RON,1,0.6,1.05
4/9/2015,RON,1,0.65,1.1
3/9/2015,RON,1,0.85,1.3
2/9/2015,RON,1,1.3,1.75
1/9/2015,RON,1,1.35,1.8
31/08/2015,RON,1,1.35,1.8
28/08/2015,RON,1,1.15,1.6
27/08/2015,RON,1,1.15,1.6
26/08/2015,RON,1,0.9,1.35
25/08/2015,RON,1,0.9,1.35
24/08/2015,RON,1,0.8,1.25
21/08/2015,RON,1,0.23,0.68
20/08/2015,RON,1,0.65,1.1
19/08/2015,RON,1,0.27,0.72
18/08/2015,RON,1,0.23,0.68
17/08/2015,RON,1,0.25,0.7
14/08/2015,RON,1,0.31,0.76
13/08/2015,RON,1,0.3,0.75
12/8/2015,RON,1,0.25,0.7
11/8/2015,RON,1,0.3,0.75
10/8/2015,RON,1,0.3,0.75
7/8/2015,RON,1,0.27,0.72
6/8/2015,RON,1,0.33,0.78
5/8/2015,RON,1,0.43,0.88
4/8/2015,RON,1,0.42,0.87
3/8/2015,RON,1,0.4,0.85
31/07/2015,RON,1,0.5,0.95
30/07/2015,RON,1,0.55,1
29/07/2015,RON,1,0.5,0.95
28/07/2015,RON,1,0.35,0.8
27/07/2015,RON,1,0.3,0.75
24/07/2015,RON,1,0.3,0.75
23/07/2015,RON,1,0.15,0.6
22/07/2015,RON,1,0.15,0.6
21/07/2015,RON,1,0.15,0.6
20/07/2015,RON,1,0.15,0.6
17/07/2015,RON,1,0.15,0.6
16/07/2015,RON,1,0.15,0.6
15/07/2015,RON,1,0.15,0.6
14/07/2015,RON,1,0.15,0.6
13/07/2015,RON,1,0.14,0.59
10/7/2015,RON,1,0.15,0.6
9/7/2015,RON,1,0.15,0.6
8/7/2015,RON,1,0.15,0.6
7/7/2015,RON,1,0.15,0.6
6/7/2015,RON,1,0.15,0.6
3/7/2015,RON,1,0.15,0.6
2/7/2015,RON,1,0.15,0.6
1/7/2015,RON,1,0.25,0.7
30/06/2015,RON,1,0.3,0.75
29/06/2015,RON,1,0.4,0.85
26/06/2015,RON,1,0.25,0.7
25/06/2015,RON,1,0.25,0.7
24/06/2015,RON,1,0.4,0.85
23/06/2015,RON,1,0.15,0.6
22/06/2015,RON,1,0.15,0.6
19/06/2015,RON,1,0.15,0.6
18/06/2015,RON,1,0.15,0.6
17/06/2015,RON,1,0.15,0.6
16/06/2015,RON,1,0.15,0.6
15/06/2015,RON,1,0.15,0.6
12/6/2015,RON,1,0.15,0.6
11/6/2015,RON,1,0.15,0.6
10/6/2015,RON,1,0.15,0.6
9/6/2015,RON,1,0.2,0.65
8/6/2015,RON,1,0.2,0.65
5/6/2015,RON,1,0.25,0.7
4/6/2015,RON,1,0.25,0.7
3/6/2015,RON,1,0.25,0.7
2/6/2015,RON,1,0.25,0.7
29/05/2015,RON,1,0.24,0.69
28/05/2015,RON,1,0.24,0.69
27/05/2015,RON,1,0.35,0.8
26/05/2015,RON,1,0.6,1.05
25/05/2015,RON,1,0.75,1.2
22/05/2015,RON,1,0.22,0.67
21/05/2015,RON,1,0.19,0.64
20/05/2015,RON,1,0.18,0.63
19/05/2015,RON,1,0.2,0.65
18/05/2015,RON,1,0.2,0.65
15/05/2015,RON,1,0.2,0.65
14/05/2015,RON,1,0.25,0.7
13/05/2015,RON,1,0.25,0.7
12/5/2015,RON,1,0.6,1.05
11/5/2015,RON,1,0.8,1.25
8/5/2015,RON,1,0.9,1.35
7/5/2015,RON,1,0.7,1.15
6/5/2015,RON,1,0.9,1.35
5/5/2015,RON,1,1.35,1.8
4/5/2015,RON,1,1.5,1.95
30/04/2015,RON,1,1.7,2.15
29/04/2015,RON,1,2.2,2.65
28/04/2015,RON,1,1.95,2.4
27/04/2015,RON,1,1.55,2
24/04/2015,RON,1,1.55,2
23/04/2015,RON,1,0.45,0.9
22/04/2015,RON,1,0.35,0.8
21/04/2015,RON,1,0.29,0.74
20/04/2015,RON,1,0.3,0.75
17/04/2015,RON,1,0.3,0.75
16/04/2015,RON,1,0.35,0.8
15/04/2015,RON,1,0.45,0.9
14/04/2015,RON,1,0.6,1.05
10/4/2015,RON,1,0.62,1.07
9/4/2015,RON,1,0.66,1.11
8/4/2015,RON,1,0.69,1.14
7/4/2015,RON,1,1.05,1.5
6/4/2015,RON,1,1.85,2.3
3/4/2015,RON,1,1.9,2.35
2/4/2015,RON,1,1.9,2.35
1/4/2015,RON,1,1.9,2.35
31/03/2015,RON,1,1.9,2.36
30/03/2015,RON,1,1.85,2.32
27/03/2015,RON,1,1.78,2.28
26/03/2015,RON,1,1.6,2.1
25/03/2015,RON,1,0.4,0.75
24/03/2015,RON,1,0.4,0.75
23/03/2015,RON,1,0.2,0.55
20/03/2015,RON,1,0.2,0.55
19/03/2015,RON,1,0.2,0.55
18/03/2015,RON,1,0.2,0.55
17/03/2015,RON,1,0.2,0.5
16/03/2015,RON,1,0.2,0.5
13/03/2015,RON,1,0.2,0.5
12/3/2015,RON,1,0.15,0.55
11/3/2015,RON,1,0.2,0.6
10/3/2015,RON,1,0.2,0.6
9/3/2015,RON,1,0.2,0.6
6/3/2015,RON,1,0.2,0.6
5/3/2015,RON,1,0.25,0.65
4/3/2015,RON,1,0.25,0.65
3/3/2015,RON,1,0.25,0.65
2/3/2015,RON,1,0.25,0.65
27/02/2015,RON,1,0.25,0.65
26/02/2015,RON,1,0.25,0.65
25/02/2015,RON,1,0.25,0.65
24/02/2015,RON,1,0.25,0.65
23/02/2015,RON,1,0.15,0.55
20/02/2015,RON,1,0.15,0.55
19/02/2015,RON,1,0.15,0.55
18/02/2015,RON,1,0.15,0.55
17/02/2015,RON,1,0.15,0.55
16/02/2015,RON,1,0.15,0.55
13/02/2015,RON,1,0.15,0.55
12/2/2015,RON,1,0.13,0.53
11/2/2015,RON,1,0.14,0.54
10/2/2015,RON,1,0.15,0.55
9/2/2015,RON,1,0.15,0.55
6/2/2015,RON,1,0.15,0.55
5/2/2015,RON,1,0.2,0.6
4/2/2015,RON,1,0.1,0.6
3/2/2015,RON,1,0.17,0.67
2/2/2015,RON,1,0.18,0.68
30/01/2015,RON,1,0.2,0.7
29/01/2015,RON,1,0.2,0.7
28/01/2015,RON,1,0.2,0.7
27/01/2015,RON,1,0.2,0.7
26/01/2015,RON,1,0.2,0.7
23/01/2015,RON,1,0.1,0.6
22/01/2015,RON,1,0.07,0.57
21/01/2015,RON,1,0.04,0.54
20/01/2015,RON,1,0.04,0.54
19/01/2015,RON,1,0.04,0.54
16/01/2015,RON,1,0.04,0.54
15/01/2015,RON,1,0.04,0.54
14/01/2015,RON,1,0.04,0.54
13/01/2015,RON,1,0.04,0.54
12/1/2015,RON,1,0.04,0.54
9/1/2015,RON,1,0.03,0.53
8/1/2015,RON,1,0.03,0.53
7/1/2015,RON,1,0.05,0.55
6/1/2015,RON,1,0.05,0.55
5/1/2015,RON,1,0.05,0.55
31/12/2014,RON,1,0.05,0.55
30/12/2014,RON,1,0.1,0.6
29/12/2014,RON,1,0.15,0.65
24/12/2014,RON,1,0.25,0.75
23/12/2014,RON,1,0.05,0.55
22/12/2014,RON,1,0.05,0.55
19/12/2014,RON,1,0.05,0.55
18/12/2014,RON,1,0.05,0.55
17/12/2014,RON,1,0.06,0.56
16/12/2014,RON,1,0.05,0.55
15/12/2014,RON,1,0.05,0.55
12/12/2014,RON,1,0.05,0.55
20/02/2017,RON,30,0.22,0.57
17/02/2017,RON,30,0.22,0.57
16/02/2017,RON,30,0.21,0.56
15/02/2017,RON,30,0.21,0.56
14/02/2017,RON,30,0.2,0.55
13/02/2017,RON,30,0.2,0.55
10/2/2017,RON,30,0.2,0.55
9/2/2017,RON,30,0.2,0.55
8/2/2017,RON,30,0.22,0.57
7/2/2017,RON,30,0.22,0.57
6/2/2017,RON,30,0.22,0.57
3/2/2017,RON,30,0.24,0.59
2/2/2017,RON,30,0.25,0.6
1/2/2017,RON,30,0.25,0.6
31/01/2017,RON,30,0.23,0.58
30/01/2017,RON,30,0.23,0.58
27/01/2017,RON,30,0.23,0.58
26/01/2017,RON,30,0.23,0.58
25/01/2017,RON,30,0.23,0.58
23/01/2017,RON,30,0.24,0.59
20/01/2017,RON,30,0.23,0.58
19/01/2017,RON,30,0.23,0.58
18/01/2017,RON,30,0.23,0.58
17/01/2017,RON,30,0.23,0.58
16/01/2017,RON,30,0.23,0.58
13/01/2017,RON,30,0.23,0.58
12/1/2017,RON,30,0.2,0.55
11/1/2017,RON,30,0.2,0.55
10/1/2017,RON,30,0.2,0.55
9/1/2017,RON,30,0.2,0.55
6/1/2017,RON,30,0.2,0.55
5/1/2017,RON,30,0.2,0.58
4/1/2017,RON,30,0.25,0.63
3/1/2017,RON,30,0.32,0.7
30/12/2016,RON,30,0.35,0.73
29/12/2016,RON,30,0.35,0.73
28/12/2016,RON,30,0.34,0.72
27/12/2016,RON,30,0.35,0.73
23/12/2016,RON,30,0.34,0.7
22/12/2016,RON,30,0.3,0.65
21/12/2016,RON,30,0.3,0.65
20/12/2016,RON,30,0.25,0.6
19/12/2016,RON,30,0.24,0.59
16/12/2016,RON,30,0.24,0.59
15/12/2016,RON,30,0.2,0.55
14/12/2016,RON,30,0.2,0.55
13/12/2016,RON,30,0.2,0.55
12/12/2016,RON,30,0.2,0.55
9/12/2016,RON,30,0.2,0.55
8/12/2016,RON,30,0.2,0.55
7/12/2016,RON,30,0.23,0.58
6/12/2016,RON,30,0.25,0.6
5/12/2016,RON,30,0.27,0.62
2/12/2016,RON,30,0.3,0.65
29/11/2016,RON,30,0.3,0.65
28/11/2016,RON,30,0.3,0.65
25/11/2016,RON,30,0.3,0.65
24/11/2016,RON,30,0.3,0.65
23/11/2016,RON,30,0.33,0.68
22/11/2016,RON,30,0.33,0.68
21/11/2016,RON,30,0.33,0.68
18/11/2016,RON,30,0.31,0.66
17/11/2016,RON,30,0.31,0.66
16/11/2016,RON,30,0.31,0.66
15/11/2016,RON,30,0.3,0.65
14/11/2016,RON,30,0.3,0.65
11/11/2016,RON,30,0.27,0.62
10/11/2016,RON,30,0.27,0.62
9/11/2016,RON,30,0.27,0.62
8/11/2016,RON,30,0.27,0.62
7/11/2016,RON,30,0.27,0.62
4/11/2016,RON,30,0.27,0.62
3/11/2016,RON,30,0.27,0.62
2/11/2016,RON,30,0.27,0.62
1/11/2016,RON,30,0.28,0.63
31/10/2016,RON,30,0.28,0.63
28/10/2016,RON,30,0.28,0.63
27/10/2016,RON,30,0.25,0.6
26/10/2016,RON,30,0.25,0.6
25/10/2016,RON,30,0.23,0.58
24/10/2016,RON,30,0.23,0.58
21/10/2016,RON,30,0.21,0.56
20/10/2016,RON,30,0.21,0.56
19/10/2016,RON,30,0.21,0.56
18/10/2016,RON,30,0.21,0.56
17/10/2016,RON,30,0.21,0.56
14/10/2016,RON,30,0.21,0.56
13/10/2016,RON,30,0.21,0.56
12/10/2016,RON,30,0.21,0.56
11/10/2016,RON,30,0.21,0.56
10/10/2016,RON,30,0.2,0.55
7/10/2016,RON,30,0.19,0.54
6/10/2016,RON,30,0.19,0.54
5/10/2016,RON,30,0.18,0.53
4/10/2016,RON,30,0.19,0.54
3/10/2016,RON,30,0.19,0.54
30/09/2016,RON,30,0.19,0.54
29/09/2016,RON,30,0.19,0.54
28/09/2016,RON,30,0.19,0.54
27/09/2016,RON,30,0.2,0.55
26/09/2016,RON,30,0.2,0.55
23/09/2016,RON,30,0.2,0.55
22/09/2016,RON,30,0.2,0.55
21/09/2016,RON,30,0.2,0.55
20/09/2016,RON,30,0.19,0.54
19/09/2016,RON,30,0.19,0.54
16/09/2016,RON,30,0.19,0.54
15/09/2016,RON,30,0.19,0.54
14/09/2016,RON,30,0.19,0.54
13/09/2016,RON,30,0.19,0.54
12/9/2016,RON,30,0.19,0.54
9/9/2016,RON,30,0.19,0.54
8/9/2016,RON,30,0.19,0.55
7/9/2016,RON,30,0.19,0.56
6/9/2016,RON,30,0.19,0.56
5/9/2016,RON,30,0.19,0.56
2/9/2016,RON,30,0.19,0.56
1/9/2016,RON,30,0.19,0.57
31/08/2016,RON,30,0.2,0.58
30/08/2016,RON,30,0.22,0.6
29/08/2016,RON,30,0.22,0.6
26/08/2016,RON,30,0.22,0.6
25/08/2016,RON,30,0.23,0.61
24/08/2016,RON,30,0.22,0.6
23/08/2016,RON,30,0.2,0.58
22/08/2016,RON,30,0.19,0.57
19/08/2016,RON,30,0.19,0.57
18/08/2016,RON,30,0.19,0.57
17/08/2016,RON,30,0.2,0.58
16/08/2016,RON,30,0.21,0.59
12/8/2016,RON,30,0.2,0.58
11/8/2016,RON,30,0.2,0.58
10/8/2016,RON,30,0.2,0.58
9/8/2016,RON,30,0.2,0.58
8/8/2016,RON,30,0.2,0.6
5/8/2016,RON,30,0.2,0.6
4/8/2016,RON,30,0.2,0.6
3/8/2016,RON,30,0.2,0.6
2/8/2016,RON,30,0.22,0.62
1/8/2016,RON,30,0.22,0.62
29/07/2016,RON,30,0.22,0.62
28/07/2016,RON,30,0.22,0.62
27/07/2016,RON,30,0.22,0.62
26/07/2016,RON,30,0.22,0.62
25/07/2016,RON,30,0.21,0.61
22/07/2016,RON,30,0.2,0.6
21/07/2016,RON,30,0.2,0.6
20/07/2016,RON,30,0.21,0.61
19/07/2016,RON,30,0.22,0.62
18/07/2016,RON,30,0.21,0.58
15/07/2016,RON,30,0.2,0.57
14/07/2016,RON,30,0.21,0.58
13/07/2016,RON,30,0.2,0.57
12/7/2016,RON,30,0.2,0.57
11/7/2016,RON,30,0.2,0.57
8/7/2016,RON,30,0.2,0.57
7/7/2016,RON,30,0.2,0.57
6/7/2016,RON,30,0.2,0.57
5/7/2016,RON,30,0.23,0.61
4/7/2016,RON,30,0.24,0.64
1/7/2016,RON,30,0.25,0.65
30/06/2016,RON,30,0.25,0.65
29/06/2016,RON,30,0.27,0.67
28/06/2016,RON,30,0.27,0.67
27/06/2016,RON,30,0.3,0.7
24/06/2016,RON,30,0.3,0.7
23/06/2016,RON,30,0.21,0.61
22/06/2016,RON,30,0.21,0.61
21/06/2016,RON,30,0.21,0.61
17/06/2016,RON,30,0.2,0.6
16/06/2016,RON,30,0.2,0.6
15/06/2016,RON,30,0.2,0.6
14/06/2016,RON,30,0.19,0.59
13/06/2016,RON,30,0.19,0.59
10/6/2016,RON,30,0.19,0.59
9/6/2016,RON,30,0.19,0.59
8/6/2016,RON,30,0.19,0.59
7/6/2016,RON,30,0.19,0.59
6/6/2016,RON,30,0.19,0.59
3/6/2016,RON,30,0.19,0.59
2/6/2016,RON,30,0.19,0.59
1/6/2016,RON,30,0.19,0.59
31/05/2016,RON,30,0.19,0.59
30/05/2016,RON,30,0.19,0.59
27/05/2016,RON,30,0.19,0.6
26/05/2016,RON,30,0.19,0.6
25/05/2016,RON,30,0.19,0.6
24/05/2016,RON,30,0.19,0.6
23/05/2016,RON,30,0.18,0.59
20/05/2016,RON,30,0.18,0.59
19/05/2016,RON,30,0.18,0.59
18/05/2016,RON,30,0.18,0.59
17/05/2016,RON,30,0.18,0.6
16/05/2016,RON,30,0.18,0.61
13/05/2016,RON,30,0.18,0.61
12/5/2016,RON,30,0.2,0.63
11/5/2016,RON,30,0.2,0.63
10/5/2016,RON,30,0.2,0.63
9/5/2016,RON,30,0.2,0.63
6/5/2016,RON,30,0.2,0.63
5/5/2016,RON,30,0.22,0.65
4/5/2016,RON,30,0.23,0.66
3/5/2016,RON,30,0.23,0.66
29/04/2016,RON,30,0.24,0.67
28/04/2016,RON,30,0.23,0.66
27/04/2016,RON,30,0.22,0.65
26/04/2016,RON,30,0.2,0.63
25/04/2016,RON,30,0.2,0.63
22/04/2016,RON,30,0.18,0.61
21/04/2016,RON,30,0.18,0.61
20/04/2016,RON,30,0.16,0.59
19/04/2016,RON,30,0.15,0.58
18/04/2016,RON,30,0.15,0.58
15/04/2016,RON,30,0.15,0.58
14/04/2016,RON,30,0.15,0.58
13/04/2016,RON,30,0.15,0.58
12/4/2016,RON,30,0.15,0.58
11/4/2016,RON,30,0.15,0.58
8/4/2016,RON,30,0.15,0.58
7/4/2016,RON,30,0.15,0.58
6/4/2016,RON,30,0.15,0.58
5/4/2016,RON,30,0.13,0.56
4/4/2016,RON,30,0.13,0.56
1/4/2016,RON,30,0.14,0.57
31/03/2016,RON,30,0.13,0.56
30/03/2016,RON,30,0.14,0.57
29/03/2016,RON,30,0.14,0.57
28/03/2016,RON,30,0.14,0.57
25/03/2016,RON,30,0.14,0.57
24/03/2016,RON,30,0.14,0.57
23/03/2016,RON,30,0.14,0.57
22/03/2016,RON,30,0.14,0.57
21/03/2016,RON,30,0.14,0.57
18/03/2016,RON,30,0.14,0.57
17/03/2016,RON,30,0.14,0.57
16/03/2016,RON,30,0.14,0.57
15/03/2016,RON,30,0.13,0.56
14/03/2016,RON,30,0.13,0.56
11/3/2016,RON,30,0.13,0.56
10/3/2016,RON,30,0.12,0.55
9/3/2016,RON,30,0.12,0.55
8/3/2016,RON,30,0.12,0.55
7/3/2016,RON,30,0.12,0.55
4/3/2016,RON,30,0.12,0.55
3/3/2016,RON,30,0.12,0.55
2/3/2016,RON,30,0.12,0.55
1/3/2016,RON,30,0.12,0.55
29/02/2016,RON,30,0.12,0.55
26/02/2016,RON,30,0.12,0.55
25/02/2016,RON,30,0.12,0.55
24/02/2016,RON,30,0.12,0.55
23/02/2016,RON,30,0.12,0.55
22/02/2016,RON,30,0.12,0.55
19/02/2016,RON,30,0.12,0.55
18/02/2016,RON,30,0.12,0.55
17/02/2016,RON,30,0.12,0.55
16/02/2016,RON,30,0.12,0.55
15/02/2016,RON,30,0.12,0.55
12/2/2016,RON,30,0.12,0.55
11/2/2016,RON,30,0.1,0.53
10/2/2016,RON,30,0.1,0.53
9/2/2016,RON,30,0.1,0.53
8/2/2016,RON,30,0.1,0.53
5/2/2016,RON,30,0.1,0.53
4/2/2016,RON,30,0.1,0.53
3/2/2016,RON,30,0.1,0.53
2/2/2016,RON,30,0.1,0.53
1/2/2016,RON,30,0.12,0.55
29/01/2016,RON,30,0.13,0.56
28/01/2016,RON,30,0.15,0.61
27/01/2016,RON,30,0.15,0.61
26/01/2016,RON,30,0.15,0.58
25/01/2016,RON,30,0.15,0.58
22/01/2016,RON,30,0.15,0.58
21/01/2016,RON,30,0.16,0.59
20/01/2016,RON,30,0.17,0.6
19/01/2016,RON,30,0.18,0.61
18/01/2016,RON,30,0.18,0.61
15/01/2016,RON,30,0.18,0.61
14/01/2016,RON,30,0.18,0.61
13/01/2016,RON,30,0.18,0.61
12/1/2016,RON,30,0.19,0.62
11/1/2016,RON,30,0.2,0.64
8/1/2016,RON,30,0.2,0.65
7/1/2016,RON,30,0.2,0.65
6/1/2016,RON,30,0.2,0.66
5/1/2016,RON,30,0.2,0.66
4/1/2016,RON,30,0.25,0.71
31/12/2015,RON,30,0.25,0.71
30/12/2015,RON,30,0.25,0.71
29/12/2015,RON,30,0.25,0.71
28/12/2015,RON,30,0.25,0.71
24/12/2015,RON,30,0.3,0.76
23/12/2015,RON,30,0.3,0.76
22/12/2015,RON,30,0.3,0.76
21/12/2015,RON,30,0.25,0.71
18/12/2015,RON,30,0.25,0.71
17/12/2015,RON,30,0.25,0.71
16/12/2015,RON,30,0.25,0.71
15/12/2015,RON,30,0.25,0.71
14/12/2015,RON,30,0.3,0.76
11/12/2015,RON,30,0.3,0.76
10/12/2015,RON,30,0.3,0.76
9/12/2015,RON,30,0.3,0.76
8/12/2015,RON,30,0.3,0.76
7/12/2015,RON,30,0.3,0.76
4/12/2015,RON,30,0.3,0.76
3/12/2015,RON,30,0.3,0.76
2/12/2015,RON,30,0.3,0.76
27/11/2015,RON,30,0.3,0.76
26/11/2015,RON,30,0.35,0.81
25/11/2015,RON,30,0.35,0.81
24/11/2015,RON,30,0.4,0.86
23/11/2015,RON,30,0.4,0.86
20/11/2015,RON,30,0.4,0.86
19/11/2015,RON,30,0.4,0.86
18/11/2015,RON,30,0.4,0.86
17/11/2015,RON,30,0.4,0.86
16/11/2015,RON,30,0.4,0.86
13/11/2015,RON,30,0.4,0.86
12/11/2015,RON,30,0.4,0.86
11/11/2015,RON,30,0.43,0.89
10/11/2015,RON,30,0.45,0.91
9/11/2015,RON,30,0.47,0.93
6/11/2015,RON,30,0.5,0.96
5/11/2015,RON,30,0.5,0.96
4/11/2015,RON,30,0.5,0.96
3/11/2015,RON,30,0.5,0.96
2/11/2015,RON,30,0.5,0.96
30/10/2015,RON,30,0.5,0.96
29/10/2015,RON,30,0.5,0.96
28/10/2015,RON,30,0.6,1.06
27/10/2015,RON,30,0.65,1.11
26/10/2015,RON,30,0.65,1.11
23/10/2015,RON,30,0.75,1.21
22/10/2015,RON,30,0.75,1.21
21/10/2015,RON,30,0.78,1.24
20/10/2015,RON,30,0.75,1.21
19/10/2015,RON,30,0.7,1.16
16/10/2015,RON,30,0.7,1.16
15/10/2015,RON,30,0.74,1.2
14/10/2015,RON,30,0.75,1.21
13/10/2015,RON,30,0.75,1.21
12/10/2015,RON,30,0.75,1.21
9/10/2015,RON,30,0.8,1.26
8/10/2015,RON,30,0.8,1.26
7/10/2015,RON,30,0.85,1.31
6/10/2015,RON,30,0.9,1.36
5/10/2015,RON,30,0.95,1.41
2/10/2015,RON,30,1,1.46
1/10/2015,RON,30,1.05,1.51
30/09/2015,RON,30,1.05,1.51
29/09/2015,RON,30,1.05,1.51
28/09/2015,RON,30,1,1.46
25/09/2015,RON,30,1,1.46
24/09/2015,RON,30,1,1.46
23/09/2015,RON,30,1,1.46
22/09/2015,RON,30,0.99,1.45
21/09/2015,RON,30,0.91,1.37
18/09/2015,RON,30,0.9,1.36
17/09/2015,RON,30,0.85,1.31
16/09/2015,RON,30,0.8,1.26
15/09/2015,RON,30,0.8,1.26
14/09/2015,RON,30,0.88,1.34
11/9/2015,RON,30,0.89,1.35
10/9/2015,RON,30,0.88,1.34
9/9/2015,RON,30,0.86,1.32
8/9/2015,RON,30,0.85,1.31
7/9/2015,RON,30,0.85,1.31
4/9/2015,RON,30,0.9,1.36
3/9/2015,RON,30,1,1.46
2/9/2015,RON,30,1.05,1.51
1/9/2015,RON,30,1.05,1.51
31/08/2015,RON,30,1.04,1.5
28/08/2015,RON,30,0.97,1.43
27/08/2015,RON,30,0.95,1.41
26/08/2015,RON,30,0.81,1.27
25/08/2015,RON,30,0.81,1.27
24/08/2015,RON,30,0.8,1.26
21/08/2015,RON,30,0.7,1.16
20/08/2015,RON,30,0.7,1.16
19/08/2015,RON,30,0.57,1.03
18/08/2015,RON,30,0.55,1.01
17/08/2015,RON,30,0.55,1.01
14/08/2015,RON,30,0.55,1.01
13/08/2015,RON,30,0.55,1.01
12/8/2015,RON,30,0.54,1
11/8/2015,RON,30,0.55,1.01
10/8/2015,RON,30,0.55,1.01
7/8/2015,RON,30,0.5,0.96
6/8/2015,RON,30,0.5,0.96
5/8/2015,RON,30,0.55,1.01
4/8/2015,RON,30,0.55,1.01
3/8/2015,RON,30,0.55,1.01
31/07/2015,RON,30,0.6,1.06
30/07/2015,RON,30,0.6,1.06
29/07/2015,RON,30,0.55,1.01
28/07/2015,RON,30,0.55,1.01
27/07/2015,RON,30,0.55,1.01
24/07/2015,RON,30,0.55,1.01
23/07/2015,RON,30,0.55,1.01
22/07/2015,RON,30,0.55,1.01
21/07/2015,RON,30,0.54,1
20/07/2015,RON,30,0.51,0.97
17/07/2015,RON,30,0.51,0.97
16/07/2015,RON,30,0.5,0.96
15/07/2015,RON,30,0.5,0.96
14/07/2015,RON,30,0.5,0.96
13/07/2015,RON,30,0.5,0.96
10/7/2015,RON,30,0.5,0.96
9/7/2015,RON,30,0.51,0.97
8/7/2015,RON,30,0.51,0.97
7/7/2015,RON,30,0.5,0.96
6/7/2015,RON,30,0.5,0.96
3/7/2015,RON,30,0.5,0.96
2/7/2015,RON,30,0.55,1.01
1/7/2015,RON,30,0.6,1.06
30/06/2015,RON,30,0.65,1.11
29/06/2015,RON,30,0.65,1.11
26/06/2015,RON,30,0.6,1.06
25/06/2015,RON,30,0.6,1.06
24/06/2015,RON,30,0.65,1.11
23/06/2015,RON,30,0.7,1.16
22/06/2015,RON,30,0.64,1.1
19/06/2015,RON,30,0.6,1.06
18/06/2015,RON,30,0.58,1.04
17/06/2015,RON,30,0.54,1
16/06/2015,RON,30,0.53,0.99
15/06/2015,RON,30,0.54,1
12/6/2015,RON,30,0.55,1.01
11/6/2015,RON,30,0.55,1.01
10/6/2015,RON,30,0.55,1.01
9/6/2015,RON,30,0.59,1.05
8/6/2015,RON,30,0.6,1.06
5/6/2015,RON,30,0.61,1.07
4/6/2015,RON,30,0.61,1.07
3/6/2015,RON,30,0.61,1.07
2/6/2015,RON,30,0.6,1.06
29/05/2015,RON,30,0.6,1.06
28/05/2015,RON,30,0.6,1.06
27/05/2015,RON,30,0.7,1.16
26/05/2015,RON,30,0.75,1.21
25/05/2015,RON,30,0.75,1.21
22/05/2015,RON,30,0.75,1.21
21/05/2015,RON,30,0.75,1.21
20/05/2015,RON,30,0.75,1.21
19/05/2015,RON,30,0.75,1.21
18/05/2015,RON,30,0.75,1.21
15/05/2015,RON,30,0.75,1.21
14/05/2015,RON,30,0.75,1.21
13/05/2015,RON,30,0.75,1.21
12/5/2015,RON,30,0.85,1.31
11/5/2015,RON,30,0.9,1.36
8/5/2015,RON,30,0.9,1.36
7/5/2015,RON,30,0.9,1.36
6/5/2015,RON,30,0.95,1.41
5/5/2015,RON,30,1.05,1.51
4/5/2015,RON,30,1.1,1.56
30/04/2015,RON,30,1.1,1.56
29/04/2015,RON,30,1.15,1.61
28/04/2015,RON,30,1.15,1.61
27/04/2015,RON,30,1.1,1.56
24/04/2015,RON,30,1.1,1.56
23/04/2015,RON,30,1.1,1.56
22/04/2015,RON,30,1,1.46
21/04/2015,RON,30,0.9,1.36
20/04/2015,RON,30,0.8,1.26
17/04/2015,RON,30,0.77,1.23
16/04/2015,RON,30,0.75,1.21
15/04/2015,RON,30,0.79,1.25
14/04/2015,RON,30,0.79,1.25
10/4/2015,RON,30,0.8,1.27
9/4/2015,RON,30,0.85,1.32
8/4/2015,RON,30,0.88,1.35
7/4/2015,RON,30,1.05,1.52
6/4/2015,RON,30,1.06,1.53
3/4/2015,RON,30,1.03,1.5
2/4/2015,RON,30,1.03,1.5
1/4/2015,RON,30,1.03,1.5
31/03/2015,RON,30,1.03,1.5
30/03/2015,RON,30,1,1.47
27/03/2015,RON,30,1,1.5
26/03/2015,RON,30,0.9,1.4
25/03/2015,RON,30,0.4,0.85
24/03/2015,RON,30,0.4,0.85
23/03/2015,RON,30,0.35,0.8
20/03/2015,RON,30,0.35,0.8
19/03/2015,RON,30,0.35,0.8
18/03/2015,RON,30,0.35,0.8
17/03/2015,RON,30,0.31,0.76
16/03/2015,RON,30,0.3,0.75
13/03/2015,RON,30,0.27,0.72
12/3/2015,RON,30,0.28,0.73
11/3/2015,RON,30,0.27,0.72
10/3/2015,RON,30,0.27,0.72
9/3/2015,RON,30,0.27,0.72
6/3/2015,RON,30,0.27,0.72
5/3/2015,RON,30,0.28,0.73
4/3/2015,RON,30,0.3,0.75
3/3/2015,RON,30,0.3,0.75
2/3/2015,RON,30,0.31,0.76
27/02/2015,RON,30,0.3,0.75
26/02/2015,RON,30,0.3,0.75
25/02/2015,RON,30,0.27,0.72
24/02/2015,RON,30,0.27,0.72
23/02/2015,RON,30,0.26,0.71
20/02/2015,RON,30,0.27,0.72
19/02/2015,RON,30,0.27,0.72
18/02/2015,RON,30,0.27,0.72
17/02/2015,RON,30,0.25,0.7
16/02/2015,RON,30,0.25,0.7
13/02/2015,RON,30,0.22,0.67
12/2/2015,RON,30,0.2,0.65
11/2/2015,RON,30,0.23,0.68
10/2/2015,RON,30,0.22,0.67
9/2/2015,RON,30,0.21,0.66
6/2/2015,RON,30,0.2,0.65
5/2/2015,RON,30,0.23,0.68
4/2/2015,RON,30,0.2,0.7
3/2/2015,RON,30,0.2,0.7
2/2/2015,RON,30,0.21,0.71
30/01/2015,RON,30,0.2,0.7
29/01/2015,RON,30,0.2,0.7
28/01/2015,RON,30,0.2,0.7
27/01/2015,RON,30,0.2,0.7
26/01/2015,RON,30,0.25,0.75
23/01/2015,RON,30,0.23,0.73
22/01/2015,RON,30,0.23,0.73
21/01/2015,RON,30,0.2,0.7
20/01/2015,RON,30,0.23,0.73
19/01/2015,RON,30,0.23,0.73
16/01/2015,RON,30,0.25,0.75
15/01/2015,RON,30,0.2,0.7
14/01/2015,RON,30,0.2,0.7
13/01/2015,RON,30,0.2,0.7
12/1/2015,RON,30,0.2,0.7
9/1/2015,RON,30,0.2,0.7
8/1/2015,RON,30,0.2,0.7
7/1/2015,RON,30,0.25,0.75
6/1/2015,RON,30,0.3,0.8
5/1/2015,RON,30,0.35,0.85
31/12/2014,RON,30,0.4,0.9
30/12/2014,RON,30,0.4,0.9
29/12/2014,RON,30,0.4,0.9
24/12/2014,RON,30,0.4,0.9
23/12/2014,RON,30,0.5,1
22/12/2014,RON,30,0.5,1
19/12/2014,RON,30,0.41,0.91
18/12/2014,RON,30,0.41,0.91
17/12/2014,RON,30,0.41,0.91
16/12/2014,RON,30,0.4,0.9
15/12/2014,RON,30,0.3,0.8
12/12/2014,RON,30,0.25,0.75
20/02/2017,RON,90,0.42,0.82
17/02/2017,RON,90,0.42,0.82
16/02/2017,RON,90,0.41,0.81
15/02/2017,RON,90,0.41,0.81
14/02/2017,RON,90,0.4,0.8
13/02/2017,RON,90,0.4,0.8
10/2/2017,RON,90,0.4,0.8
9/2/2017,RON,90,0.4,0.8
8/2/2017,RON,90,0.4,0.8
7/2/2017,RON,90,0.4,0.8
6/2/2017,RON,90,0.42,0.82
3/2/2017,RON,90,0.44,0.84
2/2/2017,RON,90,0.45,0.85
1/2/2017,RON,90,0.43,0.83
31/01/2017,RON,90,0.4,0.8
30/01/2017,RON,90,0.4,0.8
27/01/2017,RON,90,0.4,0.8
26/01/2017,RON,90,0.4,0.8
25/01/2017,RON,90,0.4,0.8
23/01/2017,RON,90,0.4,0.8
20/01/2017,RON,90,0.4,0.8
19/01/2017,RON,90,0.4,0.8
18/01/2017,RON,90,0.4,0.8
17/01/2017,RON,90,0.4,0.8
16/01/2017,RON,90,0.4,0.8
13/01/2017,RON,90,0.4,0.8
12/1/2017,RON,90,0.39,0.79
11/1/2017,RON,90,0.39,0.79
10/1/2017,RON,90,0.39,0.79
9/1/2017,RON,90,0.39,0.79
6/1/2017,RON,90,0.39,0.79
5/1/2017,RON,90,0.39,0.79
4/1/2017,RON,90,0.4,0.8
3/1/2017,RON,90,0.43,0.83
30/12/2016,RON,90,0.45,0.85
29/12/2016,RON,90,0.45,0.85
28/12/2016,RON,90,0.44,0.84
27/12/2016,RON,90,0.45,0.85
23/12/2016,RON,90,0.43,0.82
22/12/2016,RON,90,0.42,0.81
21/12/2016,RON,90,0.42,0.81
20/12/2016,RON,90,0.42,0.81
19/12/2016,RON,90,0.41,0.8
16/12/2016,RON,90,0.41,0.8
15/12/2016,RON,90,0.39,0.78
14/12/2016,RON,90,0.39,0.78
13/12/2016,RON,90,0.39,0.78
12/12/2016,RON,90,0.39,0.78
9/12/2016,RON,90,0.39,0.78
8/12/2016,RON,90,0.39,0.78
7/12/2016,RON,90,0.39,0.78
6/12/2016,RON,90,0.39,0.78
5/12/2016,RON,90,0.39,0.78
2/12/2016,RON,90,0.39,0.78
29/11/2016,RON,90,0.39,0.78
28/11/2016,RON,90,0.39,0.78
25/11/2016,RON,90,0.39,0.78
24/11/2016,RON,90,0.39,0.78
23/11/2016,RON,90,0.4,0.79
22/11/2016,RON,90,0.4,0.79
21/11/2016,RON,90,0.4,0.79
18/11/2016,RON,90,0.4,0.79
17/11/2016,RON,90,0.4,0.79
16/11/2016,RON,90,0.4,0.79
15/11/2016,RON,90,0.38,0.77
14/11/2016,RON,90,0.38,0.77
11/11/2016,RON,90,0.34,0.73
10/11/2016,RON,90,0.33,0.72
9/11/2016,RON,90,0.32,0.71
8/11/2016,RON,90,0.32,0.71
7/11/2016,RON,90,0.32,0.71
4/11/2016,RON,90,0.32,0.71
3/11/2016,RON,90,0.32,0.71
2/11/2016,RON,90,0.32,0.71
1/11/2016,RON,90,0.32,0.71
31/10/2016,RON,90,0.32,0.71
28/10/2016,RON,90,0.32,0.71
27/10/2016,RON,90,0.32,0.71
26/10/2016,RON,90,0.32,0.71
25/10/2016,RON,90,0.31,0.7
24/10/2016,RON,90,0.31,0.7
21/10/2016,RON,90,0.31,0.7
20/10/2016,RON,90,0.31,0.7
19/10/2016,RON,90,0.31,0.7
18/10/2016,RON,90,0.31,0.7
17/10/2016,RON,90,0.31,0.7
14/10/2016,RON,90,0.31,0.7
13/10/2016,RON,90,0.32,0.71
12/10/2016,RON,90,0.31,0.7
11/10/2016,RON,90,0.31,0.7
10/10/2016,RON,90,0.3,0.69
7/10/2016,RON,90,0.3,0.69
6/10/2016,RON,90,0.3,0.69
5/10/2016,RON,90,0.3,0.69
4/10/2016,RON,90,0.3,0.69
3/10/2016,RON,90,0.3,0.69
30/09/2016,RON,90,0.32,0.71
29/09/2016,RON,90,0.32,0.71
28/09/2016,RON,90,0.32,0.71
27/09/2016,RON,90,0.32,0.71
26/09/2016,RON,90,0.33,0.72
23/09/2016,RON,90,0.33,0.72
22/09/2016,RON,90,0.33,0.72
21/09/2016,RON,90,0.33,0.72
20/09/2016,RON,90,0.34,0.73
19/09/2016,RON,90,0.34,0.73
16/09/2016,RON,90,0.34,0.73
15/09/2016,RON,90,0.34,0.73
14/09/2016,RON,90,0.35,0.74
13/09/2016,RON,90,0.35,0.74
12/9/2016,RON,90,0.35,0.74
9/9/2016,RON,90,0.35,0.74
8/9/2016,RON,90,0.35,0.75
7/9/2016,RON,90,0.34,0.75
6/9/2016,RON,90,0.35,0.76
5/9/2016,RON,90,0.35,0.76
2/9/2016,RON,90,0.35,0.76
1/9/2016,RON,90,0.35,0.77
31/08/2016,RON,90,0.35,0.77
30/08/2016,RON,90,0.35,0.77
29/08/2016,RON,90,0.35,0.77
26/08/2016,RON,90,0.35,0.77
25/08/2016,RON,90,0.35,0.77
24/08/2016,RON,90,0.35,0.77
23/08/2016,RON,90,0.35,0.77
22/08/2016,RON,90,0.35,0.77
19/08/2016,RON,90,0.35,0.77
18/08/2016,RON,90,0.35,0.77
17/08/2016,RON,90,0.36,0.78
16/08/2016,RON,90,0.36,0.78
12/8/2016,RON,90,0.37,0.79
11/8/2016,RON,90,0.37,0.79
10/8/2016,RON,90,0.38,0.8
9/8/2016,RON,90,0.38,0.8
8/8/2016,RON,90,0.39,0.81
5/8/2016,RON,90,0.39,0.81
4/8/2016,RON,90,0.39,0.81
3/8/2016,RON,90,0.39,0.81
2/8/2016,RON,90,0.39,0.81
1/8/2016,RON,90,0.39,0.81
29/07/2016,RON,90,0.39,0.81
28/07/2016,RON,90,0.39,0.81
27/07/2016,RON,90,0.4,0.82
26/07/2016,RON,90,0.4,0.82
25/07/2016,RON,90,0.4,0.82
22/07/2016,RON,90,0.39,0.81
21/07/2016,RON,90,0.39,0.81
20/07/2016,RON,90,0.38,0.8
19/07/2016,RON,90,0.39,0.81
18/07/2016,RON,90,0.4,0.8
15/07/2016,RON,90,0.4,0.8
14/07/2016,RON,90,0.39,0.79
13/07/2016,RON,90,0.38,0.78
12/7/2016,RON,90,0.38,0.78
11/7/2016,RON,90,0.38,0.78
8/7/2016,RON,90,0.38,0.78
7/7/2016,RON,90,0.38,0.78
6/7/2016,RON,90,0.38,0.78
5/7/2016,RON,90,0.38,0.8
4/7/2016,RON,90,0.38,0.8
1/7/2016,RON,90,0.39,0.81
30/06/2016,RON,90,0.39,0.81
29/06/2016,RON,90,0.4,0.82
28/06/2016,RON,90,0.4,0.82
27/06/2016,RON,90,0.4,0.82
24/06/2016,RON,90,0.4,0.82
23/06/2016,RON,90,0.35,0.76
22/06/2016,RON,90,0.35,0.76
21/06/2016,RON,90,0.35,0.76
17/06/2016,RON,90,0.35,0.76
16/06/2016,RON,90,0.35,0.76
15/06/2016,RON,90,0.35,0.76
14/06/2016,RON,90,0.35,0.76
13/06/2016,RON,90,0.35,0.76
10/6/2016,RON,90,0.35,0.76
9/6/2016,RON,90,0.35,0.76
8/6/2016,RON,90,0.35,0.76
7/6/2016,RON,90,0.35,0.76
6/6/2016,RON,90,0.35,0.76
3/6/2016,RON,90,0.35,0.76
2/6/2016,RON,90,0.35,0.76
1/6/2016,RON,90,0.35,0.76
31/05/2016,RON,90,0.35,0.76
30/05/2016,RON,90,0.35,0.76
27/05/2016,RON,90,0.35,0.76
26/05/2016,RON,90,0.35,0.76
25/05/2016,RON,90,0.35,0.76
24/05/2016,RON,90,0.35,0.76
23/05/2016,RON,90,0.35,0.76
20/05/2016,RON,90,0.35,0.76
19/05/2016,RON,90,0.35,0.76
18/05/2016,RON,90,0.35,0.76
17/05/2016,RON,90,0.35,0.77
16/05/2016,RON,90,0.35,0.78
13/05/2016,RON,90,0.35,0.78
12/5/2016,RON,90,0.35,0.78
11/5/2016,RON,90,0.35,0.78
10/5/2016,RON,90,0.35,0.78
9/5/2016,RON,90,0.35,0.78
6/5/2016,RON,90,0.35,0.78
5/5/2016,RON,90,0.35,0.78
4/5/2016,RON,90,0.35,0.78
3/5/2016,RON,90,0.35,0.78
29/04/2016,RON,90,0.35,0.78
28/04/2016,RON,90,0.35,0.78
27/04/2016,RON,90,0.35,0.78
26/04/2016,RON,90,0.35,0.78
25/04/2016,RON,90,0.35,0.78
22/04/2016,RON,90,0.35,0.78
21/04/2016,RON,90,0.35,0.78
20/04/2016,RON,90,0.35,0.78
19/04/2016,RON,90,0.35,0.78
18/04/2016,RON,90,0.35,0.78
15/04/2016,RON,90,0.35,0.78
14/04/2016,RON,90,0.35,0.78
13/04/2016,RON,90,0.35,0.78
12/4/2016,RON,90,0.35,0.78
11/4/2016,RON,90,0.35,0.78
8/4/2016,RON,90,0.35,0.78
7/4/2016,RON,90,0.35,0.78
6/4/2016,RON,90,0.35,0.78
5/4/2016,RON,90,0.35,0.78
4/4/2016,RON,90,0.35,0.78
1/4/2016,RON,90,0.35,0.78
31/03/2016,RON,90,0.35,0.78
30/03/2016,RON,90,0.36,0.79
29/03/2016,RON,90,0.36,0.79
28/03/2016,RON,90,0.36,0.79
25/03/2016,RON,90,0.36,0.79
24/03/2016,RON,90,0.36,0.79
23/03/2016,RON,90,0.36,0.79
22/03/2016,RON,90,0.36,0.79
21/03/2016,RON,90,0.36,0.79
18/03/2016,RON,90,0.36,0.79
17/03/2016,RON,90,0.35,0.78
16/03/2016,RON,90,0.35,0.78
15/03/2016,RON,90,0.35,0.78
14/03/2016,RON,90,0.34,0.77
11/3/2016,RON,90,0.34,0.77
10/3/2016,RON,90,0.33,0.76
9/3/2016,RON,90,0.33,0.76
8/3/2016,RON,90,0.33,0.76
7/3/2016,RON,90,0.33,0.76
4/3/2016,RON,90,0.33,0.76
3/3/2016,RON,90,0.33,0.76
2/3/2016,RON,90,0.32,0.75
1/3/2016,RON,90,0.32,0.75
29/02/2016,RON,90,0.32,0.75
26/02/2016,RON,90,0.32,0.75
25/02/2016,RON,90,0.32,0.75
24/02/2016,RON,90,0.32,0.75
23/02/2016,RON,90,0.32,0.75
22/02/2016,RON,90,0.34,0.77
19/02/2016,RON,90,0.34,0.77
18/02/2016,RON,90,0.34,0.77
17/02/2016,RON,90,0.35,0.78
16/02/2016,RON,90,0.36,0.79
15/02/2016,RON,90,0.36,0.79
12/2/2016,RON,90,0.36,0.79
11/2/2016,RON,90,0.35,0.78
10/2/2016,RON,90,0.35,0.78
9/2/2016,RON,90,0.35,0.78
8/2/2016,RON,90,0.35,0.78
5/2/2016,RON,90,0.35,0.78
4/2/2016,RON,90,0.35,0.78
3/2/2016,RON,90,0.4,0.83
2/2/2016,RON,90,0.4,0.83
1/2/2016,RON,90,0.42,0.85
29/01/2016,RON,90,0.43,0.86
28/01/2016,RON,90,0.43,0.89
27/01/2016,RON,90,0.43,0.89
26/01/2016,RON,90,0.43,0.86
25/01/2016,RON,90,0.48,0.91
22/01/2016,RON,90,0.48,0.91
21/01/2016,RON,90,0.48,0.91
20/01/2016,RON,90,0.49,0.92
19/01/2016,RON,90,0.5,0.93
18/01/2016,RON,90,0.5,0.93
15/01/2016,RON,90,0.5,0.93
14/01/2016,RON,90,0.5,0.93
13/01/2016,RON,90,0.5,0.93
12/1/2016,RON,90,0.53,0.96
11/1/2016,RON,90,0.55,0.99
8/1/2016,RON,90,0.56,1.01
7/1/2016,RON,90,0.55,1
6/1/2016,RON,90,0.55,1.01
5/1/2016,RON,90,0.55,1.01
4/1/2016,RON,90,0.59,1.05
31/12/2015,RON,90,0.6,1.06
30/12/2015,RON,90,0.6,1.06
29/12/2015,RON,90,0.59,1.05
28/12/2015,RON,90,0.59,1.05
24/12/2015,RON,90,0.59,1.05
23/12/2015,RON,90,0.59,1.05
22/12/2015,RON,90,0.59,1.05
21/12/2015,RON,90,0.59,1.05
18/12/2015,RON,90,0.59,1.05
17/12/2015,RON,90,0.59,1.05
16/12/2015,RON,90,0.59,1.05
15/12/2015,RON,90,0.59,1.05
14/12/2015,RON,90,0.59,1.05
11/12/2015,RON,90,0.59,1.05
10/12/2015,RON,90,0.59,1.05
9/12/2015,RON,90,0.59,1.05
8/12/2015,RON,90,0.59,1.05
7/12/2015,RON,90,0.59,1.05
4/12/2015,RON,90,0.59,1.05
3/12/2015,RON,90,0.6,1.06
2/12/2015,RON,90,0.6,1.06
27/11/2015,RON,90,0.61,1.07
26/11/2015,RON,90,0.62,1.08
25/11/2015,RON,90,0.62,1.08
24/11/2015,RON,90,0.62,1.08
23/11/2015,RON,90,0.62,1.08
20/11/2015,RON,90,0.62,1.08
19/11/2015,RON,90,0.62,1.08
18/11/2015,RON,90,0.62,1.08
17/11/2015,RON,90,0.64,1.1
16/11/2015,RON,90,0.64,1.1
13/11/2015,RON,90,0.64,1.1
12/11/2015,RON,90,0.65,1.11
11/11/2015,RON,90,0.65,1.11
10/11/2015,RON,90,0.7,1.16
9/11/2015,RON,90,0.7,1.16
6/11/2015,RON,90,0.7,1.16
5/11/2015,RON,90,0.7,1.16
4/11/2015,RON,90,0.72,1.18
3/11/2015,RON,90,0.72,1.18
2/11/2015,RON,90,0.73,1.19
30/10/2015,RON,90,0.74,1.2
29/10/2015,RON,90,0.75,1.21
28/10/2015,RON,90,0.75,1.21
27/10/2015,RON,90,0.8,1.26
26/10/2015,RON,90,0.85,1.31
23/10/2015,RON,90,0.88,1.34
22/10/2015,RON,90,0.88,1.34
21/10/2015,RON,90,0.88,1.34
20/10/2015,RON,90,0.87,1.33
19/10/2015,RON,90,0.86,1.32
16/10/2015,RON,90,0.87,1.33
15/10/2015,RON,90,0.89,1.35
14/10/2015,RON,90,0.9,1.36
13/10/2015,RON,90,0.9,1.36
12/10/2015,RON,90,0.91,1.37
9/10/2015,RON,90,0.93,1.39
8/10/2015,RON,90,0.94,1.4
7/10/2015,RON,90,0.95,1.41
6/10/2015,RON,90,0.97,1.43
5/10/2015,RON,90,1,1.46
2/10/2015,RON,90,1,1.46
1/10/2015,RON,90,1.05,1.51
30/09/2015,RON,90,1.05,1.51
29/09/2015,RON,90,1.05,1.51
28/09/2015,RON,90,1,1.46
25/09/2015,RON,90,1,1.46
24/09/2015,RON,90,1,1.46
23/09/2015,RON,90,1,1.46
22/09/2015,RON,90,0.99,1.45
21/09/2015,RON,90,0.96,1.42
18/09/2015,RON,90,0.95,1.41
17/09/2015,RON,90,0.96,1.42
16/09/2015,RON,90,0.95,1.41
15/09/2015,RON,90,0.95,1.41
14/09/2015,RON,90,0.97,1.43
11/9/2015,RON,90,0.97,1.43
10/9/2015,RON,90,0.97,1.43
9/9/2015,RON,90,0.96,1.42
8/9/2015,RON,90,0.95,1.41
7/9/2015,RON,90,0.95,1.41
4/9/2015,RON,90,0.97,1.43
3/9/2015,RON,90,1,1.46
2/9/2015,RON,90,1.05,1.51
1/9/2015,RON,90,1.05,1.51
31/08/2015,RON,90,1.04,1.5
28/08/2015,RON,90,0.98,1.44
27/08/2015,RON,90,0.95,1.41
26/08/2015,RON,90,0.91,1.37
25/08/2015,RON,90,0.91,1.37
24/08/2015,RON,90,0.89,1.35
21/08/2015,RON,90,0.85,1.31
20/08/2015,RON,90,0.85,1.31
19/08/2015,RON,90,0.82,1.28
18/08/2015,RON,90,0.8,1.26
17/08/2015,RON,90,0.8,1.26
14/08/2015,RON,90,0.8,1.26
13/08/2015,RON,90,0.8,1.26
12/8/2015,RON,90,0.8,1.26
11/8/2015,RON,90,0.8,1.26
10/8/2015,RON,90,0.82,1.28
7/8/2015,RON,90,0.8,1.26
6/8/2015,RON,90,0.82,1.28
5/8/2015,RON,90,0.8,1.26
4/8/2015,RON,90,0.8,1.26
3/8/2015,RON,90,0.81,1.27
31/07/2015,RON,90,0.82,1.28
30/07/2015,RON,90,0.82,1.28
29/07/2015,RON,90,0.81,1.27
28/07/2015,RON,90,0.81,1.27
27/07/2015,RON,90,0.81,1.27
24/07/2015,RON,90,0.81,1.27
23/07/2015,RON,90,0.81,1.27
22/07/2015,RON,90,0.81,1.27
21/07/2015,RON,90,0.81,1.27
20/07/2015,RON,90,0.81,1.27
17/07/2015,RON,90,0.81,1.27
16/07/2015,RON,90,0.81,1.27
15/07/2015,RON,90,0.81,1.27
14/07/2015,RON,90,0.81,1.27
13/07/2015,RON,90,0.81,1.27
10/7/2015,RON,90,0.82,1.28
9/7/2015,RON,90,0.82,1.28
8/7/2015,RON,90,0.82,1.28
7/7/2015,RON,90,0.81,1.27
6/7/2015,RON,90,0.81,1.27
3/7/2015,RON,90,0.8,1.26
2/7/2015,RON,90,0.8,1.26
1/7/2015,RON,90,0.8,1.26
30/06/2015,RON,90,0.85,1.31
29/06/2015,RON,90,0.85,1.31
26/06/2015,RON,90,0.8,1.26
25/06/2015,RON,90,0.8,1.26
24/06/2015,RON,90,0.8,1.26
23/06/2015,RON,90,0.82,1.28
22/06/2015,RON,90,0.81,1.27
19/06/2015,RON,90,0.79,1.25
18/06/2015,RON,90,0.78,1.24
17/06/2015,RON,90,0.77,1.23
16/06/2015,RON,90,0.77,1.23
15/06/2015,RON,90,0.76,1.22
12/6/2015,RON,90,0.77,1.23
11/6/2015,RON,90,0.77,1.23
10/6/2015,RON,90,0.77,1.23
9/6/2015,RON,90,0.78,1.24
8/6/2015,RON,90,0.79,1.25
5/6/2015,RON,90,0.78,1.24
4/6/2015,RON,90,0.78,1.24
3/6/2015,RON,90,0.78,1.24
2/6/2015,RON,90,0.77,1.23
29/05/2015,RON,90,0.77,1.23
28/05/2015,RON,90,0.77,1.23
27/05/2015,RON,90,0.8,1.26
26/05/2015,RON,90,0.86,1.32
25/05/2015,RON,90,0.87,1.33
22/05/2015,RON,90,0.87,1.33
21/05/2015,RON,90,0.88,1.34
20/05/2015,RON,90,0.88,1.34
19/05/2015,RON,90,0.88,1.34
18/05/2015,RON,90,0.88,1.34
15/05/2015,RON,90,0.88,1.34
14/05/2015,RON,90,0.88,1.34
13/05/2015,RON,90,0.88,1.34
12/5/2015,RON,90,0.9,1.36
11/5/2015,RON,90,0.94,1.4
8/5/2015,RON,90,0.95,1.41
7/5/2015,RON,90,0.95,1.41
6/5/2015,RON,90,0.97,1.43
5/5/2015,RON,90,1.01,1.47
4/5/2015,RON,90,1.01,1.47
30/04/2015,RON,90,1.01,1.47
29/04/2015,RON,90,1.03,1.49
28/04/2015,RON,90,1.03,1.49
27/04/2015,RON,90,1,1.46
24/04/2015,RON,90,1.01,1.47
23/04/2015,RON,90,1.01,1.47
22/04/2015,RON,90,1,1.46
21/04/2015,RON,90,0.91,1.37
20/04/2015,RON,90,0.87,1.33
17/04/2015,RON,90,0.86,1.32
16/04/2015,RON,90,0.86,1.32
15/04/2015,RON,90,0.86,1.32
14/04/2015,RON,90,0.89,1.35
10/4/2015,RON,90,0.89,1.36
9/4/2015,RON,90,0.91,1.38
8/4/2015,RON,90,0.95,1.42
7/4/2015,RON,90,1.02,1.49
6/4/2015,RON,90,1.02,1.49
3/4/2015,RON,90,1.02,1.49
2/4/2015,RON,90,1.02,1.49
1/4/2015,RON,90,1.02,1.49
31/03/2015,RON,90,1.02,1.49
30/03/2015,RON,90,1,1.47
27/03/2015,RON,90,1,1.5
26/03/2015,RON,90,0.9,1.4
25/03/2015,RON,90,0.83,1.28
24/03/2015,RON,90,0.83,1.28
23/03/2015,RON,90,0.85,1.3
20/03/2015,RON,90,0.85,1.3
19/03/2015,RON,90,0.85,1.3
18/03/2015,RON,90,0.87,1.32
17/03/2015,RON,90,0.84,1.3
16/03/2015,RON,90,0.84,1.31
13/03/2015,RON,90,0.86,1.33
12/3/2015,RON,90,0.87,1.34
11/3/2015,RON,90,0.86,1.33
10/3/2015,RON,90,0.87,1.34
9/3/2015,RON,90,0.88,1.35
6/3/2015,RON,90,0.87,1.34
5/3/2015,RON,90,0.9,1.37
4/3/2015,RON,90,0.9,1.4
3/3/2015,RON,90,0.9,1.4
2/3/2015,RON,90,0.9,1.4
27/02/2015,RON,90,0.9,1.4
26/02/2015,RON,90,0.9,1.4
25/02/2015,RON,90,0.9,1.4
24/02/2015,RON,90,0.94,1.44
23/02/2015,RON,90,0.94,1.44
20/02/2015,RON,90,0.9,1.4
19/02/2015,RON,90,0.95,1.45
18/02/2015,RON,90,0.97,1.47
17/02/2015,RON,90,0.94,1.44
16/02/2015,RON,90,0.95,1.45
13/02/2015,RON,90,0.92,1.42
12/2/2015,RON,90,0.94,1.44
11/2/2015,RON,90,0.95,1.45
10/2/2015,RON,90,0.94,1.44
9/2/2015,RON,90,0.93,1.43
6/2/2015,RON,90,0.94,1.44
5/2/2015,RON,90,0.94,1.44
4/2/2015,RON,90,0.97,1.47
3/2/2015,RON,90,0.99,1.49
2/2/2015,RON,90,1,1.5
30/01/2015,RON,90,1.04,1.54
29/01/2015,RON,90,1.05,1.55
28/01/2015,RON,90,1.05,1.55
27/01/2015,RON,90,1.08,1.58
26/01/2015,RON,90,1.09,1.59
23/01/2015,RON,90,1.1,1.6
22/01/2015,RON,90,1.1,1.6
21/01/2015,RON,90,1.08,1.58
20/01/2015,RON,90,1.1,1.6
19/01/2015,RON,90,1.1,1.6
16/01/2015,RON,90,1.1,1.6
15/01/2015,RON,90,1.05,1.55
14/01/2015,RON,90,1.05,1.55
13/01/2015,RON,90,1.05,1.55
12/1/2015,RON,90,1.05,1.55
9/1/2015,RON,90,1.05,1.55
8/1/2015,RON,90,1.1,1.6
7/1/2015,RON,90,1.15,1.65
6/1/2015,RON,90,1.2,1.7
5/1/2015,RON,90,1.2,1.7
31/12/2014,RON,90,1.2,1.7
30/12/2014,RON,90,1.2,1.7
29/12/2014,RON,90,1.2,1.7
24/12/2014,RON,90,1.2,1.7
23/12/2014,RON,90,1.25,1.75
22/12/2014,RON,90,1.25,1.75
19/12/2014,RON,90,1.25,1.75
18/12/2014,RON,90,1.25,1.75
17/12/2014,RON,90,1.26,1.76
16/12/2014,RON,90,1.25,1.75
15/12/2014,RON,90,1.2,1.7
12/12/2014,RON,90,1.17,1.67
20/02/2017,RON,180,0.56,1.08
17/02/2017,RON,180,0.56,1.08
16/02/2017,RON,180,0.55,1.07
15/02/2017,RON,180,0.55,1.07
14/02/2017,RON,180,0.54,1.06
13/02/2017,RON,180,0.54,1.06
10/2/2017,RON,180,0.54,1.06
9/2/2017,RON,180,0.54,1.06
8/2/2017,RON,180,0.54,1.06
7/2/2017,RON,180,0.55,1.07
6/2/2017,RON,180,0.57,1.09
3/2/2017,RON,180,0.59,1.11
2/2/2017,RON,180,0.6,1.12
1/2/2017,RON,180,0.56,1.08
31/01/2017,RON,180,0.54,1.06
30/01/2017,RON,180,0.54,1.06
27/01/2017,RON,180,0.54,1.06
26/01/2017,RON,180,0.54,1.06
25/01/2017,RON,180,0.54,1.06
23/01/2017,RON,180,0.55,1.07
20/01/2017,RON,180,0.54,1.06
19/01/2017,RON,180,0.54,1.06
18/01/2017,RON,180,0.54,1.06
17/01/2017,RON,180,0.55,1.07
16/01/2017,RON,180,0.55,1.07
13/01/2017,RON,180,0.55,1.07
12/1/2017,RON,180,0.54,1.06
11/1/2017,RON,180,0.54,1.06
10/1/2017,RON,180,0.54,1.06
9/1/2017,RON,180,0.54,1.06
6/1/2017,RON,180,0.54,1.06
5/1/2017,RON,180,0.54,1.06
4/1/2017,RON,180,0.55,1.07
3/1/2017,RON,180,0.55,1.07
30/12/2016,RON,180,0.57,1.09
29/12/2016,RON,180,0.57,1.09
28/12/2016,RON,180,0.56,1.08
27/12/2016,RON,180,0.57,1.09
23/12/2016,RON,180,0.57,1.08
22/12/2016,RON,180,0.56,1.07
21/12/2016,RON,180,0.55,1.06
20/12/2016,RON,180,0.55,1.06
19/12/2016,RON,180,0.55,1.06
16/12/2016,RON,180,0.54,1.05
15/12/2016,RON,180,0.5,1.01
14/12/2016,RON,180,0.5,1.01
13/12/2016,RON,180,0.5,1.01
12/12/2016,RON,180,0.5,1.01
9/12/2016,RON,180,0.5,1.01
8/12/2016,RON,180,0.5,1.01
7/12/2016,RON,180,0.5,1.01
6/12/2016,RON,180,0.5,1.01
5/12/2016,RON,180,0.49,1
2/12/2016,RON,180,0.49,1
29/11/2016,RON,180,0.49,1
28/11/2016,RON,180,0.49,1
25/11/2016,RON,180,0.49,1
24/11/2016,RON,180,0.49,1
23/11/2016,RON,180,0.49,1
22/11/2016,RON,180,0.49,1
21/11/2016,RON,180,0.49,1
18/11/2016,RON,180,0.49,1
17/11/2016,RON,180,0.49,1
16/11/2016,RON,180,0.49,1
15/11/2016,RON,180,0.46,0.97
14/11/2016,RON,180,0.46,0.97
11/11/2016,RON,180,0.43,0.94
10/11/2016,RON,180,0.42,0.93
9/11/2016,RON,180,0.41,0.92
8/11/2016,RON,180,0.41,0.92
7/11/2016,RON,180,0.41,0.92
4/11/2016,RON,180,0.41,0.92
3/11/2016,RON,180,0.41,0.92
2/11/2016,RON,180,0.41,0.92
1/11/2016,RON,180,0.41,0.92
31/10/2016,RON,180,0.41,0.92
28/10/2016,RON,180,0.41,0.92
27/10/2016,RON,180,0.42,0.93
26/10/2016,RON,180,0.42,0.93
25/10/2016,RON,180,0.41,0.92
24/10/2016,RON,180,0.41,0.92
21/10/2016,RON,180,0.41,0.92
20/10/2016,RON,180,0.41,0.92
19/10/2016,RON,180,0.41,0.92
18/10/2016,RON,180,0.41,0.92
17/10/2016,RON,180,0.41,0.92
14/10/2016,RON,180,0.41,0.92
13/10/2016,RON,180,0.42,0.93
12/10/2016,RON,180,0.41,0.92
11/10/2016,RON,180,0.41,0.92
10/10/2016,RON,180,0.4,0.91
7/10/2016,RON,180,0.4,0.91
6/10/2016,RON,180,0.4,0.91
5/10/2016,RON,180,0.4,0.91
4/10/2016,RON,180,0.4,0.91
3/10/2016,RON,180,0.4,0.91
30/09/2016,RON,180,0.42,0.93
29/09/2016,RON,180,0.42,0.93
28/09/2016,RON,180,0.42,0.93
27/09/2016,RON,180,0.42,0.93
26/09/2016,RON,180,0.43,0.94
23/09/2016,RON,180,0.43,0.94
22/09/2016,RON,180,0.43,0.94
21/09/2016,RON,180,0.43,0.94
20/09/2016,RON,180,0.44,0.95
19/09/2016,RON,180,0.44,0.95
16/09/2016,RON,180,0.44,0.95
15/09/2016,RON,180,0.44,0.95
14/09/2016,RON,180,0.45,0.96
13/09/2016,RON,180,0.45,0.96
12/9/2016,RON,180,0.45,0.96
9/9/2016,RON,180,0.45,0.96
8/9/2016,RON,180,0.45,0.97
7/9/2016,RON,180,0.43,0.96
6/9/2016,RON,180,0.44,0.97
5/9/2016,RON,180,0.44,0.97
2/9/2016,RON,180,0.44,0.98
1/9/2016,RON,180,0.44,0.99
31/08/2016,RON,180,0.44,0.99
30/08/2016,RON,180,0.44,0.99
29/08/2016,RON,180,0.44,0.99
26/08/2016,RON,180,0.44,0.99
25/08/2016,RON,180,0.45,1
24/08/2016,RON,180,0.45,1
23/08/2016,RON,180,0.45,1
22/08/2016,RON,180,0.45,1
19/08/2016,RON,180,0.45,1
18/08/2016,RON,180,0.45,1
17/08/2016,RON,180,0.46,1.01
16/08/2016,RON,180,0.46,1.01
12/8/2016,RON,180,0.47,1.02
11/8/2016,RON,180,0.47,1.02
10/8/2016,RON,180,0.48,1.03
9/8/2016,RON,180,0.48,1.03
8/8/2016,RON,180,0.49,1.04
5/8/2016,RON,180,0.49,1.04
4/8/2016,RON,180,0.49,1.04
3/8/2016,RON,180,0.49,1.04
2/8/2016,RON,180,0.49,1.04
1/8/2016,RON,180,0.49,1.04
29/07/2016,RON,180,0.49,1.04
28/07/2016,RON,180,0.49,1.04
27/07/2016,RON,180,0.5,1.05
26/07/2016,RON,180,0.5,1.05
25/07/2016,RON,180,0.5,1.05
22/07/2016,RON,180,0.5,1.05
21/07/2016,RON,180,0.5,1.05
20/07/2016,RON,180,0.5,1.05
19/07/2016,RON,180,0.51,1.06
18/07/2016,RON,180,0.5,1.04
15/07/2016,RON,180,0.49,1.03
14/07/2016,RON,180,0.48,1.02
13/07/2016,RON,180,0.47,1.01
12/7/2016,RON,180,0.47,1.01
11/7/2016,RON,180,0.47,1.01
8/7/2016,RON,180,0.47,1.01
7/7/2016,RON,180,0.48,1.02
6/7/2016,RON,180,0.48,1.02
5/7/2016,RON,180,0.48,1.03
4/7/2016,RON,180,0.48,1.03
1/7/2016,RON,180,0.49,1.04
30/06/2016,RON,180,0.49,1.04
29/06/2016,RON,180,0.5,1.05
28/06/2016,RON,180,0.5,1.05
27/06/2016,RON,180,0.5,1.05
24/06/2016,RON,180,0.5,1.05
23/06/2016,RON,180,0.45,1.01
22/06/2016,RON,180,0.45,1.01
21/06/2016,RON,180,0.45,1.01
17/06/2016,RON,180,0.45,1.01
16/06/2016,RON,180,0.45,1.01
15/06/2016,RON,180,0.45,1.01
14/06/2016,RON,180,0.45,1.01
13/06/2016,RON,180,0.45,1.01
10/6/2016,RON,180,0.45,1.01
9/6/2016,RON,180,0.45,1.01
8/6/2016,RON,180,0.45,1.01
7/6/2016,RON,180,0.45,1.01
6/6/2016,RON,180,0.45,1.01
3/6/2016,RON,180,0.45,1.01
2/6/2016,RON,180,0.45,1.01
1/6/2016,RON,180,0.45,1.01
31/05/2016,RON,180,0.45,1.01
30/05/2016,RON,180,0.45,1.01
27/05/2016,RON,180,0.45,1.02
26/05/2016,RON,180,0.45,1.02
25/05/2016,RON,180,0.45,1.03
24/05/2016,RON,180,0.45,1.03
23/05/2016,RON,180,0.45,1.03
20/05/2016,RON,180,0.45,1.03
19/05/2016,RON,180,0.45,1.03
18/05/2016,RON,180,0.45,1.03
17/05/2016,RON,180,0.45,1.04
16/05/2016,RON,180,0.45,1.05
13/05/2016,RON,180,0.45,1.05
12/5/2016,RON,180,0.45,1.05
11/5/2016,RON,180,0.45,1.05
10/5/2016,RON,180,0.45,1.05
9/5/2016,RON,180,0.45,1.05
6/5/2016,RON,180,0.45,1.05
5/5/2016,RON,180,0.45,1.05
4/5/2016,RON,180,0.45,1.05
3/5/2016,RON,180,0.44,1.04
29/04/2016,RON,180,0.44,1.04
28/04/2016,RON,180,0.44,1.04
27/04/2016,RON,180,0.44,1.04
26/04/2016,RON,180,0.44,1.04
25/04/2016,RON,180,0.44,1.04
22/04/2016,RON,180,0.44,1.04
21/04/2016,RON,180,0.44,1.04
20/04/2016,RON,180,0.44,1.04
19/04/2016,RON,180,0.44,1.04
18/04/2016,RON,180,0.44,1.04
15/04/2016,RON,180,0.45,1.05
14/04/2016,RON,180,0.44,1.04
13/04/2016,RON,180,0.44,1.04
12/4/2016,RON,180,0.44,1.04
11/4/2016,RON,180,0.44,1.04
8/4/2016,RON,180,0.44,1.04
7/4/2016,RON,180,0.44,1.04
6/4/2016,RON,180,0.44,1.04
5/4/2016,RON,180,0.44,1.04
4/4/2016,RON,180,0.44,1.04
1/4/2016,RON,180,0.45,1.05
31/03/2016,RON,180,0.44,1.04
30/03/2016,RON,180,0.45,1.05
29/03/2016,RON,180,0.45,1.05
28/03/2016,RON,180,0.45,1.05
25/03/2016,RON,180,0.45,1.05
24/03/2016,RON,180,0.45,1.05
23/03/2016,RON,180,0.45,1.05
22/03/2016,RON,180,0.46,1.06
21/03/2016,RON,180,0.46,1.06
18/03/2016,RON,180,0.46,1.06
17/03/2016,RON,180,0.45,1.05
16/03/2016,RON,180,0.45,1.05
15/03/2016,RON,180,0.45,1.05
14/03/2016,RON,180,0.44,1.04
11/3/2016,RON,180,0.44,1.04
10/3/2016,RON,180,0.44,1.04
9/3/2016,RON,180,0.44,1.04
8/3/2016,RON,180,0.44,1.04
7/3/2016,RON,180,0.44,1.04
4/3/2016,RON,180,0.44,1.04
3/3/2016,RON,180,0.44,1.04
2/3/2016,RON,180,0.44,1.04
1/3/2016,RON,180,0.44,1.04
29/02/2016,RON,180,0.44,1.04
26/02/2016,RON,180,0.44,1.04
25/02/2016,RON,180,0.43,1.03
24/02/2016,RON,180,0.43,1.03
23/02/2016,RON,180,0.43,1.03
22/02/2016,RON,180,0.44,1.04
19/02/2016,RON,180,0.44,1.04
18/02/2016,RON,180,0.44,1.04
17/02/2016,RON,180,0.44,1.04
16/02/2016,RON,180,0.45,1.05
15/02/2016,RON,180,0.45,1.05
12/2/2016,RON,180,0.45,1.05
11/2/2016,RON,180,0.45,1.05
10/2/2016,RON,180,0.45,1.05
9/2/2016,RON,180,0.44,1.04
8/2/2016,RON,180,0.44,1.04
5/2/2016,RON,180,0.45,1.05
4/2/2016,RON,180,0.45,1.05
3/2/2016,RON,180,0.5,1.1
2/2/2016,RON,180,0.5,1.1
1/2/2016,RON,180,0.55,1.15
29/01/2016,RON,180,0.55,1.15
28/01/2016,RON,180,0.55,1.19
27/01/2016,RON,180,0.55,1.19
26/01/2016,RON,180,0.55,1.15
25/01/2016,RON,180,0.64,1.24
22/01/2016,RON,180,0.64,1.24
21/01/2016,RON,180,0.64,1.24
20/01/2016,RON,180,0.65,1.25
19/01/2016,RON,180,0.65,1.25
18/01/2016,RON,180,0.65,1.25
15/01/2016,RON,180,0.7,1.3
14/01/2016,RON,180,0.7,1.3
13/01/2016,RON,180,0.7,1.3
12/1/2016,RON,180,0.72,1.32
11/1/2016,RON,180,0.74,1.35
8/1/2016,RON,180,0.75,1.37
7/1/2016,RON,180,0.74,1.36
6/1/2016,RON,180,0.74,1.37
5/1/2016,RON,180,0.74,1.37
4/1/2016,RON,180,0.75,1.38
31/12/2015,RON,180,0.75,1.38
30/12/2015,RON,180,0.75,1.38
29/12/2015,RON,180,0.75,1.38
28/12/2015,RON,180,0.75,1.38
24/12/2015,RON,180,0.75,1.38
23/12/2015,RON,180,0.75,1.38
22/12/2015,RON,180,0.75,1.38
21/12/2015,RON,180,0.75,1.38
18/12/2015,RON,180,0.75,1.38
17/12/2015,RON,180,0.75,1.38
16/12/2015,RON,180,0.75,1.38
15/12/2015,RON,180,0.75,1.38
14/12/2015,RON,180,0.75,1.38
11/12/2015,RON,180,0.75,1.38
10/12/2015,RON,180,0.75,1.38
9/12/2015,RON,180,0.75,1.38
8/12/2015,RON,180,0.75,1.38
7/12/2015,RON,180,0.75,1.38
4/12/2015,RON,180,0.75,1.38
3/12/2015,RON,180,0.75,1.38
2/12/2015,RON,180,0.75,1.38
27/11/2015,RON,180,0.75,1.38
26/11/2015,RON,180,0.75,1.38
25/11/2015,RON,180,0.75,1.38
24/11/2015,RON,180,0.75,1.38
23/11/2015,RON,180,0.75,1.38
20/11/2015,RON,180,0.75,1.38
19/11/2015,RON,180,0.75,1.38
18/11/2015,RON,180,0.75,1.38
17/11/2015,RON,180,0.75,1.38
16/11/2015,RON,180,0.75,1.38
13/11/2015,RON,180,0.75,1.38
12/11/2015,RON,180,0.75,1.38
11/11/2015,RON,180,0.78,1.41
10/11/2015,RON,180,0.79,1.42
9/11/2015,RON,180,0.8,1.43
6/11/2015,RON,180,0.8,1.43
5/11/2015,RON,180,0.82,1.45
4/11/2015,RON,180,0.82,1.45
3/11/2015,RON,180,0.82,1.45
2/11/2015,RON,180,0.83,1.46
30/10/2015,RON,180,0.84,1.47
29/10/2015,RON,180,0.85,1.48
28/10/2015,RON,180,0.87,1.5
27/10/2015,RON,180,0.89,1.53
26/10/2015,RON,180,0.9,1.54
23/10/2015,RON,180,0.95,1.59
22/10/2015,RON,180,0.96,1.6
21/10/2015,RON,180,0.96,1.6
20/10/2015,RON,180,0.96,1.6
19/10/2015,RON,180,0.93,1.57
16/10/2015,RON,180,0.95,1.58
15/10/2015,RON,180,0.95,1.58
14/10/2015,RON,180,0.97,1.61
13/10/2015,RON,180,0.97,1.61
12/10/2015,RON,180,0.97,1.61
9/10/2015,RON,180,0.98,1.62
8/10/2015,RON,180,0.99,1.63
7/10/2015,RON,180,1,1.64
6/10/2015,RON,180,1.03,1.67
5/10/2015,RON,180,1.04,1.68
2/10/2015,RON,180,1.05,1.69
1/10/2015,RON,180,1.05,1.69
30/09/2015,RON,180,1.05,1.69
29/09/2015,RON,180,1.05,1.69
28/09/2015,RON,180,1.01,1.65
25/09/2015,RON,180,1.01,1.65
24/09/2015,RON,180,1.01,1.65
23/09/2015,RON,180,1.01,1.65
22/09/2015,RON,180,1.01,1.65
21/09/2015,RON,180,1,1.64
18/09/2015,RON,180,1,1.64
17/09/2015,RON,180,1.01,1.65
16/09/2015,RON,180,1,1.64
15/09/2015,RON,180,1,1.64
14/09/2015,RON,180,1,1.64
11/9/2015,RON,180,1.01,1.65
10/9/2015,RON,180,1,1.64
9/9/2015,RON,180,1,1.64
8/9/2015,RON,180,1,1.64
7/9/2015,RON,180,1,1.64
4/9/2015,RON,180,1.01,1.65
3/9/2015,RON,180,1.03,1.67
2/9/2015,RON,180,1.05,1.69
1/9/2015,RON,180,1.05,1.69
31/08/2015,RON,180,1.04,1.68
28/08/2015,RON,180,1,1.64
27/08/2015,RON,180,0.98,1.62
26/08/2015,RON,180,0.93,1.57
25/08/2015,RON,180,0.93,1.57
24/08/2015,RON,180,0.93,1.57
21/08/2015,RON,180,0.91,1.55
20/08/2015,RON,180,0.91,1.55
19/08/2015,RON,180,0.91,1.55
18/08/2015,RON,180,0.9,1.54
17/08/2015,RON,180,0.9,1.54
14/08/2015,RON,180,0.9,1.54
13/08/2015,RON,180,0.9,1.54
12/8/2015,RON,180,0.9,1.54
11/8/2015,RON,180,0.9,1.54
10/8/2015,RON,180,0.9,1.54
7/8/2015,RON,180,0.9,1.54
6/8/2015,RON,180,0.9,1.54
5/8/2015,RON,180,0.89,1.53
4/8/2015,RON,180,0.91,1.55
3/8/2015,RON,180,0.92,1.56
31/07/2015,RON,180,0.91,1.55
30/07/2015,RON,180,0.91,1.55
29/07/2015,RON,180,0.9,1.54
28/07/2015,RON,180,0.9,1.54
27/07/2015,RON,180,0.9,1.54
24/07/2015,RON,180,0.9,1.54
23/07/2015,RON,180,0.9,1.54
22/07/2015,RON,180,0.9,1.54
21/07/2015,RON,180,0.9,1.54
20/07/2015,RON,180,0.9,1.54
17/07/2015,RON,180,0.9,1.54
16/07/2015,RON,180,0.9,1.54
15/07/2015,RON,180,0.9,1.54
14/07/2015,RON,180,0.9,1.54
13/07/2015,RON,180,0.9,1.54
10/7/2015,RON,180,0.91,1.55
9/7/2015,RON,180,0.91,1.55
8/7/2015,RON,180,0.91,1.55
7/7/2015,RON,180,0.91,1.55
6/7/2015,RON,180,0.91,1.55
3/7/2015,RON,180,0.9,1.54
2/7/2015,RON,180,0.9,1.54
1/7/2015,RON,180,0.9,1.54
30/06/2015,RON,180,0.92,1.56
29/06/2015,RON,180,0.92,1.56
26/06/2015,RON,180,0.89,1.53
25/06/2015,RON,180,0.89,1.53
24/06/2015,RON,180,0.9,1.54
23/06/2015,RON,180,0.92,1.56
22/06/2015,RON,180,0.91,1.55
19/06/2015,RON,180,0.9,1.54
18/06/2015,RON,180,0.89,1.53
17/06/2015,RON,180,0.88,1.52
16/06/2015,RON,180,0.88,1.52
15/06/2015,RON,180,0.88,1.52
12/6/2015,RON,180,0.89,1.53
11/6/2015,RON,180,0.89,1.53
10/6/2015,RON,180,0.89,1.53
9/6/2015,RON,180,0.9,1.54
8/6/2015,RON,180,0.9,1.54
5/6/2015,RON,180,0.89,1.53
4/6/2015,RON,180,0.89,1.53
3/6/2015,RON,180,0.89,1.53
2/6/2015,RON,180,0.88,1.52
29/05/2015,RON,180,0.88,1.52
28/05/2015,RON,180,0.88,1.52
27/05/2015,RON,180,0.9,1.54
26/05/2015,RON,180,0.92,1.56
25/05/2015,RON,180,0.93,1.57
22/05/2015,RON,180,0.93,1.57
21/05/2015,RON,180,0.94,1.58
20/05/2015,RON,180,0.94,1.58
19/05/2015,RON,180,0.94,1.58
18/05/2015,RON,180,0.94,1.58
15/05/2015,RON,180,0.94,1.58
14/05/2015,RON,180,0.94,1.58
13/05/2015,RON,180,0.95,1.59
12/5/2015,RON,180,0.96,1.6
11/5/2015,RON,180,0.97,1.61
8/5/2015,RON,180,0.98,1.62
7/5/2015,RON,180,0.99,1.63
6/5/2015,RON,180,1,1.64
5/5/2015,RON,180,1.01,1.65
4/5/2015,RON,180,1.01,1.65
30/04/2015,RON,180,1.01,1.65
29/04/2015,RON,180,1.01,1.65
28/04/2015,RON,180,1.01,1.65
27/04/2015,RON,180,1,1.64
24/04/2015,RON,180,1,1.64
23/04/2015,RON,180,1.01,1.65
22/04/2015,RON,180,1,1.64
21/04/2015,RON,180,0.93,1.57
20/04/2015,RON,180,0.92,1.56
17/04/2015,RON,180,0.92,1.56
16/04/2015,RON,180,0.92,1.56
15/04/2015,RON,180,0.92,1.56
14/04/2015,RON,180,0.93,1.58
10/4/2015,RON,180,0.93,1.6
9/4/2015,RON,180,0.96,1.63
8/4/2015,RON,180,0.96,1.63
7/4/2015,RON,180,1.01,1.68
6/4/2015,RON,180,1.01,1.68
3/4/2015,RON,180,1.01,1.68
2/4/2015,RON,180,1.01,1.68
1/4/2015,RON,180,1.01,1.68
31/03/2015,RON,180,1.01,1.68
30/03/2015,RON,180,1,1.67
27/03/2015,RON,180,1,1.68
26/03/2015,RON,180,0.95,1.6
25/03/2015,RON,180,0.92,1.54
24/03/2015,RON,180,0.92,1.54
23/03/2015,RON,180,0.92,1.54
20/03/2015,RON,180,0.92,1.54
19/03/2015,RON,180,0.92,1.54
18/03/2015,RON,180,0.94,1.56
17/03/2015,RON,180,0.92,1.55
16/03/2015,RON,180,0.92,1.57
13/03/2015,RON,180,0.9,1.55
12/3/2015,RON,180,0.95,1.6
11/3/2015,RON,180,0.95,1.6
10/3/2015,RON,180,0.96,1.61
9/3/2015,RON,180,0.97,1.62
6/3/2015,RON,180,0.91,1.59
5/3/2015,RON,180,0.94,1.62
4/3/2015,RON,180,0.95,1.65
3/3/2015,RON,180,0.95,1.65
2/3/2015,RON,180,0.94,1.64
27/02/2015,RON,180,0.95,1.65
26/02/2015,RON,180,0.95,1.65
25/02/2015,RON,180,0.95,1.65
24/02/2015,RON,180,0.95,1.65
23/02/2015,RON,180,0.95,1.65
20/02/2015,RON,180,0.95,1.65
19/02/2015,RON,180,0.97,1.67
18/02/2015,RON,180,0.99,1.69
17/02/2015,RON,180,0.96,1.66
16/02/2015,RON,180,0.97,1.67
13/02/2015,RON,180,0.94,1.64
12/2/2015,RON,180,0.96,1.66
11/2/2015,RON,180,0.98,1.68
10/2/2015,RON,180,0.97,1.67
9/2/2015,RON,180,0.95,1.65
6/2/2015,RON,180,0.95,1.65
5/2/2015,RON,180,0.95,1.65
4/2/2015,RON,180,0.99,1.74
3/2/2015,RON,180,0.99,1.74
2/2/2015,RON,180,1,1.75
30/01/2015,RON,180,1.04,1.79
29/01/2015,RON,180,1.07,1.82
28/01/2015,RON,180,1.07,1.82
27/01/2015,RON,180,1.09,1.84
26/01/2015,RON,180,1.1,1.85
23/01/2015,RON,180,1.11,1.86
22/01/2015,RON,180,1.11,1.86
21/01/2015,RON,180,1.12,1.87
20/01/2015,RON,180,1.13,1.88
19/01/2015,RON,180,1.13,1.88
16/01/2015,RON,180,1.13,1.88
15/01/2015,RON,180,1.12,1.87
14/01/2015,RON,180,1.12,1.87
13/01/2015,RON,180,1.12,1.87
12/1/2015,RON,180,1.12,1.87
9/1/2015,RON,180,1.12,1.87
8/1/2015,RON,180,1.17,1.92
7/1/2015,RON,180,1.22,1.97
6/1/2015,RON,180,1.27,2.02
5/1/2015,RON,180,1.28,2.03
31/12/2014,RON,180,1.29,2.04
30/12/2014,RON,180,1.29,2.04
29/12/2014,RON,180,1.29,2.04
24/12/2014,RON,180,1.29,2.04
23/12/2014,RON,180,1.3,2.05
22/12/2014,RON,180,1.31,2.06
19/12/2014,RON,180,1.31,2.06
18/12/2014,RON,180,1.31,2.06
17/12/2014,RON,180,1.32,2.07
16/12/2014,RON,180,1.31,2.06
15/12/2014,RON,180,1.25,2
12/12/2014,RON,180,1.24,1.99
20/02/2017,RON,270,0.66,1.18
17/02/2017,RON,270,0.66,1.18
16/02/2017,RON,270,0.65,1.17
15/02/2017,RON,270,0.65,1.17
14/02/2017,RON,270,0.64,1.16
13/02/2017,RON,270,0.64,1.16
10/2/2017,RON,270,0.64,1.16
9/2/2017,RON,270,0.64,1.16
8/2/2017,RON,270,0.64,1.16
7/2/2017,RON,270,0.65,1.17
6/2/2017,RON,270,0.67,1.19
3/2/2017,RON,270,0.68,1.2
2/2/2017,RON,270,0.69,1.21
1/2/2017,RON,270,0.66,1.18
31/01/2017,RON,270,0.63,1.15
30/01/2017,RON,270,0.63,1.15
27/01/2017,RON,270,0.63,1.15
26/01/2017,RON,270,0.63,1.15
25/01/2017,RON,270,0.63,1.15
23/01/2017,RON,270,0.63,1.15
20/01/2017,RON,270,0.63,1.15
19/01/2017,RON,270,0.63,1.15
18/01/2017,RON,270,0.63,1.15
17/01/2017,RON,270,0.64,1.16
16/01/2017,RON,270,0.64,1.16
13/01/2017,RON,270,0.64,1.16
12/1/2017,RON,270,0.62,1.14
11/1/2017,RON,270,0.62,1.14
10/1/2017,RON,270,0.62,1.14
9/1/2017,RON,270,0.62,1.14
6/1/2017,RON,270,0.62,1.14
5/1/2017,RON,270,0.62,1.14
4/1/2017,RON,270,0.63,1.15
3/1/2017,RON,270,0.63,1.15
30/12/2016,RON,270,0.63,1.15
29/12/2016,RON,270,0.63,1.15
28/12/2016,RON,270,0.63,1.15
27/12/2016,RON,270,0.64,1.16
23/12/2016,RON,270,0.64,1.15
22/12/2016,RON,270,0.63,1.14
21/12/2016,RON,270,0.62,1.13
20/12/2016,RON,270,0.62,1.13
19/12/2016,RON,270,0.61,1.12
16/12/2016,RON,270,0.6,1.11
15/12/2016,RON,270,0.56,1.07
14/12/2016,RON,270,0.56,1.07
13/12/2016,RON,270,0.56,1.07
12/12/2016,RON,270,0.56,1.07
9/12/2016,RON,270,0.56,1.07
8/12/2016,RON,270,0.56,1.07
7/12/2016,RON,270,0.56,1.07
6/12/2016,RON,270,0.56,1.07
5/12/2016,RON,270,0.55,1.06
2/12/2016,RON,270,0.55,1.06
29/11/2016,RON,270,0.55,1.06
28/11/2016,RON,270,0.55,1.06
25/11/2016,RON,270,0.55,1.06
24/11/2016,RON,270,0.55,1.06
23/11/2016,RON,270,0.55,1.06
22/11/2016,RON,270,0.55,1.06
21/11/2016,RON,270,0.55,1.06
18/11/2016,RON,270,0.55,1.06
17/11/2016,RON,270,0.55,1.06
16/11/2016,RON,270,0.55,1.06
15/11/2016,RON,270,0.53,1.04
14/11/2016,RON,270,0.53,1.04
11/11/2016,RON,270,0.52,1.03
10/11/2016,RON,270,0.51,1.02
9/11/2016,RON,270,0.51,1.02
8/11/2016,RON,270,0.51,1.02
7/11/2016,RON,270,0.51,1.02
4/11/2016,RON,270,0.51,1.02
3/11/2016,RON,270,0.51,1.02
2/11/2016,RON,270,0.51,1.02
1/11/2016,RON,270,0.51,1.02
31/10/2016,RON,270,0.51,1.02
28/10/2016,RON,270,0.51,1.02
27/10/2016,RON,270,0.51,1.02
26/10/2016,RON,270,0.51,1.02
25/10/2016,RON,270,0.51,1.02
24/10/2016,RON,270,0.51,1.02
21/10/2016,RON,270,0.51,1.02
20/10/2016,RON,270,0.51,1.02
19/10/2016,RON,270,0.51,1.02
18/10/2016,RON,270,0.51,1.02
17/10/2016,RON,270,0.51,1.02
14/10/2016,RON,270,0.51,1.02
13/10/2016,RON,270,0.51,1.02
12/10/2016,RON,270,0.51,1.02
11/10/2016,RON,270,0.51,1.02
10/10/2016,RON,270,0.5,1.01
7/10/2016,RON,270,0.5,1.01
6/10/2016,RON,270,0.5,1.01
5/10/2016,RON,270,0.5,1.01
4/10/2016,RON,270,0.5,1.01
3/10/2016,RON,270,0.5,1.01
30/09/2016,RON,270,0.52,1.03
29/09/2016,RON,270,0.52,1.03
28/09/2016,RON,270,0.52,1.03
27/09/2016,RON,270,0.52,1.03
26/09/2016,RON,270,0.53,1.04
23/09/2016,RON,270,0.53,1.04
22/09/2016,RON,270,0.53,1.04
21/09/2016,RON,270,0.53,1.04
20/09/2016,RON,270,0.54,1.05
19/09/2016,RON,270,0.54,1.05
16/09/2016,RON,270,0.54,1.05
15/09/2016,RON,270,0.54,1.05
14/09/2016,RON,270,0.54,1.05
13/09/2016,RON,270,0.54,1.05
12/9/2016,RON,270,0.54,1.05
9/9/2016,RON,270,0.54,1.05
8/9/2016,RON,270,0.54,1.06
7/9/2016,RON,270,0.53,1.06
6/9/2016,RON,270,0.53,1.06
5/9/2016,RON,270,0.53,1.06
2/9/2016,RON,270,0.53,1.07
1/9/2016,RON,270,0.53,1.08
31/08/2016,RON,270,0.53,1.08
30/08/2016,RON,270,0.53,1.08
29/08/2016,RON,270,0.53,1.08
26/08/2016,RON,270,0.53,1.08
25/08/2016,RON,270,0.54,1.09
24/08/2016,RON,270,0.54,1.09
23/08/2016,RON,270,0.54,1.09
22/08/2016,RON,270,0.54,1.09
19/08/2016,RON,270,0.54,1.09
18/08/2016,RON,270,0.55,1.1
17/08/2016,RON,270,0.56,1.11
16/08/2016,RON,270,0.56,1.11
12/8/2016,RON,270,0.57,1.12
11/8/2016,RON,270,0.57,1.12
10/8/2016,RON,270,0.58,1.13
9/8/2016,RON,270,0.58,1.13
8/8/2016,RON,270,0.58,1.14
5/8/2016,RON,270,0.58,1.14
4/8/2016,RON,270,0.58,1.14
3/8/2016,RON,270,0.58,1.14
2/8/2016,RON,270,0.58,1.14
1/8/2016,RON,270,0.58,1.14
29/07/2016,RON,270,0.58,1.14
28/07/2016,RON,270,0.58,1.14
27/07/2016,RON,270,0.58,1.14
26/07/2016,RON,270,0.58,1.14
25/07/2016,RON,270,0.58,1.14
22/07/2016,RON,270,0.58,1.14
21/07/2016,RON,270,0.58,1.14
20/07/2016,RON,270,0.59,1.15
19/07/2016,RON,270,0.59,1.15
18/07/2016,RON,270,0.58,1.13
15/07/2016,RON,270,0.57,1.12
14/07/2016,RON,270,0.56,1.11
13/07/2016,RON,270,0.55,1.1
12/7/2016,RON,270,0.55,1.1
11/7/2016,RON,270,0.55,1.1
8/7/2016,RON,270,0.55,1.1
7/7/2016,RON,270,0.58,1.13
6/7/2016,RON,270,0.58,1.13
5/7/2016,RON,270,0.58,1.13
4/7/2016,RON,270,0.58,1.14
1/7/2016,RON,270,0.59,1.15
30/06/2016,RON,270,0.59,1.15
29/06/2016,RON,270,0.59,1.15
28/06/2016,RON,270,0.6,1.16
27/06/2016,RON,270,0.6,1.16
24/06/2016,RON,270,0.6,1.16
23/06/2016,RON,270,0.55,1.11
22/06/2016,RON,270,0.55,1.11
21/06/2016,RON,270,0.56,1.12
17/06/2016,RON,270,0.56,1.12
16/06/2016,RON,270,0.55,1.11
15/06/2016,RON,270,0.55,1.11
14/06/2016,RON,270,0.55,1.11
13/06/2016,RON,270,0.55,1.11
10/6/2016,RON,270,0.55,1.11
9/6/2016,RON,270,0.55,1.11
8/6/2016,RON,270,0.55,1.11
7/6/2016,RON,270,0.55,1.11
6/6/2016,RON,270,0.55,1.11
3/6/2016,RON,270,0.55,1.11
2/6/2016,RON,270,0.55,1.11
1/6/2016,RON,270,0.55,1.11
31/05/2016,RON,270,0.55,1.11
30/05/2016,RON,270,0.55,1.11
27/05/2016,RON,270,0.55,1.12
26/05/2016,RON,270,0.55,1.12
25/05/2016,RON,270,0.55,1.13
24/05/2016,RON,270,0.55,1.13
23/05/2016,RON,270,0.55,1.13
20/05/2016,RON,270,0.55,1.13
19/05/2016,RON,270,0.55,1.13
18/05/2016,RON,270,0.55,1.13
17/05/2016,RON,270,0.55,1.14
16/05/2016,RON,270,0.55,1.15
13/05/2016,RON,270,0.55,1.15
12/5/2016,RON,270,0.55,1.15
11/5/2016,RON,270,0.55,1.15
10/5/2016,RON,270,0.55,1.15
9/5/2016,RON,270,0.55,1.15
6/5/2016,RON,270,0.55,1.15
5/5/2016,RON,270,0.55,1.15
4/5/2016,RON,270,0.55,1.15
3/5/2016,RON,270,0.54,1.14
29/04/2016,RON,270,0.54,1.14
28/04/2016,RON,270,0.54,1.14
27/04/2016,RON,270,0.54,1.14
26/04/2016,RON,270,0.54,1.14
25/04/2016,RON,270,0.54,1.14
22/04/2016,RON,270,0.54,1.14
21/04/2016,RON,270,0.54,1.14
20/04/2016,RON,270,0.54,1.14
19/04/2016,RON,270,0.54,1.14
18/04/2016,RON,270,0.54,1.14
15/04/2016,RON,270,0.55,1.15
14/04/2016,RON,270,0.54,1.14
13/04/2016,RON,270,0.54,1.14
12/4/2016,RON,270,0.54,1.14
11/4/2016,RON,270,0.54,1.14
8/4/2016,RON,270,0.54,1.14
7/4/2016,RON,270,0.54,1.14
6/4/2016,RON,270,0.54,1.14
5/4/2016,RON,270,0.54,1.14
4/4/2016,RON,270,0.54,1.14
1/4/2016,RON,270,0.55,1.15
31/03/2016,RON,270,0.54,1.14
30/03/2016,RON,270,0.54,1.14
29/03/2016,RON,270,0.54,1.14
28/03/2016,RON,270,0.54,1.14
25/03/2016,RON,270,0.54,1.14
24/03/2016,RON,270,0.54,1.14
23/03/2016,RON,270,0.54,1.14
22/03/2016,RON,270,0.55,1.15
21/03/2016,RON,270,0.55,1.15
18/03/2016,RON,270,0.55,1.15
17/03/2016,RON,270,0.54,1.14
16/03/2016,RON,270,0.54,1.14
15/03/2016,RON,270,0.53,1.13
14/03/2016,RON,270,0.52,1.12
11/3/2016,RON,270,0.52,1.12
10/3/2016,RON,270,0.52,1.12
9/3/2016,RON,270,0.52,1.12
8/3/2016,RON,270,0.52,1.12
7/3/2016,RON,270,0.52,1.12
4/3/2016,RON,270,0.52,1.12
3/3/2016,RON,270,0.52,1.12
2/3/2016,RON,270,0.51,1.11
1/3/2016,RON,270,0.51,1.11
29/02/2016,RON,270,0.51,1.11
26/02/2016,RON,270,0.51,1.11
25/02/2016,RON,270,0.5,1.1
24/02/2016,RON,270,0.5,1.1
23/02/2016,RON,270,0.5,1.1
22/02/2016,RON,270,0.5,1.1
19/02/2016,RON,270,0.5,1.1
18/02/2016,RON,270,0.5,1.1
17/02/2016,RON,270,0.5,1.1
16/02/2016,RON,270,0.5,1.1
15/02/2016,RON,270,0.5,1.1
12/2/2016,RON,270,0.5,1.1
11/2/2016,RON,270,0.5,1.1
10/2/2016,RON,270,0.5,1.1
9/2/2016,RON,270,0.5,1.1
8/2/2016,RON,270,0.49,1.09
5/2/2016,RON,270,0.5,1.1
4/2/2016,RON,270,0.55,1.15
3/2/2016,RON,270,0.6,1.2
2/2/2016,RON,270,0.62,1.22
1/2/2016,RON,270,0.65,1.25
29/01/2016,RON,270,0.65,1.25
28/01/2016,RON,270,0.67,1.32
27/01/2016,RON,270,0.67,1.32
26/01/2016,RON,270,0.67,1.27
25/01/2016,RON,270,0.75,1.35
22/01/2016,RON,270,0.75,1.35
21/01/2016,RON,270,0.75,1.35
20/01/2016,RON,270,0.75,1.35
19/01/2016,RON,270,0.75,1.35
18/01/2016,RON,270,0.8,1.4
15/01/2016,RON,270,0.81,1.41
14/01/2016,RON,270,0.81,1.41
13/01/2016,RON,270,0.81,1.41
12/1/2016,RON,270,0.82,1.42
11/1/2016,RON,270,0.84,1.45
8/1/2016,RON,270,0.85,1.47
7/1/2016,RON,270,0.84,1.46
6/1/2016,RON,270,0.84,1.47
5/1/2016,RON,270,0.84,1.47
4/1/2016,RON,270,0.85,1.48
31/12/2015,RON,270,0.85,1.48
30/12/2015,RON,270,0.85,1.48
29/12/2015,RON,270,0.85,1.48
28/12/2015,RON,270,0.85,1.48
24/12/2015,RON,270,0.85,1.48
23/12/2015,RON,270,0.85,1.48
22/12/2015,RON,270,0.85,1.48
21/12/2015,RON,270,0.85,1.48
18/12/2015,RON,270,0.85,1.48
17/12/2015,RON,270,0.85,1.48
16/12/2015,RON,270,0.85,1.48
15/12/2015,RON,270,0.85,1.48
14/12/2015,RON,270,0.85,1.48
11/12/2015,RON,270,0.85,1.48
10/12/2015,RON,270,0.85,1.48
9/12/2015,RON,270,0.85,1.48
8/12/2015,RON,270,0.85,1.48
7/12/2015,RON,270,0.85,1.48
4/12/2015,RON,270,0.85,1.48
3/12/2015,RON,270,0.85,1.48
2/12/2015,RON,270,0.85,1.48
27/11/2015,RON,270,0.85,1.48
26/11/2015,RON,270,0.85,1.48
25/11/2015,RON,270,0.85,1.48
24/11/2015,RON,270,0.85,1.48
23/11/2015,RON,270,0.85,1.48
20/11/2015,RON,270,0.85,1.48
19/11/2015,RON,270,0.85,1.48
18/11/2015,RON,270,0.85,1.48
17/11/2015,RON,270,0.85,1.48
16/11/2015,RON,270,0.85,1.48
13/11/2015,RON,270,0.85,1.48
12/11/2015,RON,270,0.85,1.49
11/11/2015,RON,270,0.87,1.51
10/11/2015,RON,270,0.88,1.52
9/11/2015,RON,270,0.88,1.52
6/11/2015,RON,270,0.88,1.52
5/11/2015,RON,270,0.89,1.53
4/11/2015,RON,270,0.89,1.53
3/11/2015,RON,270,0.89,1.53
2/11/2015,RON,270,0.9,1.54
30/10/2015,RON,270,0.91,1.55
29/10/2015,RON,270,0.91,1.55
28/10/2015,RON,270,0.92,1.56
27/10/2015,RON,270,0.94,1.59
26/10/2015,RON,270,0.95,1.6
23/10/2015,RON,270,0.99,1.64
22/10/2015,RON,270,0.99,1.64
21/10/2015,RON,270,0.99,1.64
20/10/2015,RON,270,0.99,1.64
19/10/2015,RON,270,0.99,1.64
16/10/2015,RON,270,0.99,1.63
15/10/2015,RON,270,0.99,1.63
14/10/2015,RON,270,1,1.65
13/10/2015,RON,270,1,1.65
12/10/2015,RON,270,1,1.65
9/10/2015,RON,270,1.01,1.66
8/10/2015,RON,270,1.02,1.67
7/10/2015,RON,270,1.03,1.68
6/10/2015,RON,270,1.05,1.7
5/10/2015,RON,270,1.06,1.71
2/10/2015,RON,270,1.06,1.71
1/10/2015,RON,270,1.06,1.71
30/09/2015,RON,270,1.06,1.71
29/09/2015,RON,270,1.06,1.71
28/09/2015,RON,270,1.05,1.7
25/09/2015,RON,270,1.05,1.7
24/09/2015,RON,270,1.05,1.7
23/09/2015,RON,270,1.05,1.7
22/09/2015,RON,270,1.05,1.7
21/09/2015,RON,270,1.05,1.7
18/09/2015,RON,270,1.05,1.7
17/09/2015,RON,270,1.04,1.69
16/09/2015,RON,270,1.04,1.69
15/09/2015,RON,270,1.04,1.69
14/09/2015,RON,270,1.04,1.69
11/9/2015,RON,270,1.04,1.69
10/9/2015,RON,270,1.03,1.68
9/9/2015,RON,270,1.03,1.68
8/9/2015,RON,270,1.03,1.68
7/9/2015,RON,270,1.03,1.68
4/9/2015,RON,270,1.03,1.68
3/9/2015,RON,270,1.04,1.69
2/9/2015,RON,270,1.06,1.71
1/9/2015,RON,270,1.06,1.71
31/08/2015,RON,270,1.04,1.69
28/08/2015,RON,270,1.02,1.67
27/08/2015,RON,270,1,1.65
26/08/2015,RON,270,0.98,1.63
25/08/2015,RON,270,0.98,1.63
24/08/2015,RON,270,0.97,1.62
21/08/2015,RON,270,0.95,1.6
20/08/2015,RON,270,0.95,1.6
19/08/2015,RON,270,0.95,1.6
18/08/2015,RON,270,0.94,1.59
17/08/2015,RON,270,0.94,1.59
14/08/2015,RON,270,0.95,1.6
13/08/2015,RON,270,0.85,1.5
12/8/2015,RON,270,0.95,1.6
11/8/2015,RON,270,0.95,1.6
10/8/2015,RON,270,0.95,1.6
7/8/2015,RON,270,0.95,1.6
6/8/2015,RON,270,0.96,1.61
5/8/2015,RON,270,0.95,1.6
4/8/2015,RON,270,0.95,1.6
3/8/2015,RON,270,0.96,1.61
31/07/2015,RON,270,0.95,1.6
30/07/2015,RON,270,0.95,1.6
29/07/2015,RON,270,0.94,1.59
28/07/2015,RON,270,0.94,1.59
27/07/2015,RON,270,0.94,1.59
24/07/2015,RON,270,0.94,1.59
23/07/2015,RON,270,0.94,1.59
22/07/2015,RON,270,0.95,1.6
21/07/2015,RON,270,0.95,1.6
20/07/2015,RON,270,0.95,1.6
17/07/2015,RON,270,0.95,1.6
16/07/2015,RON,270,0.95,1.6
15/07/2015,RON,270,0.95,1.6
14/07/2015,RON,270,0.95,1.6
13/07/2015,RON,270,0.95,1.6
10/7/2015,RON,270,0.95,1.6
9/7/2015,RON,270,0.95,1.6
8/7/2015,RON,270,0.95,1.6
7/7/2015,RON,270,0.95,1.6
6/7/2015,RON,270,0.95,1.6
3/7/2015,RON,270,0.95,1.6
2/7/2015,RON,270,0.95,1.6
1/7/2015,RON,270,0.95,1.6
30/06/2015,RON,270,0.96,1.61
29/06/2015,RON,270,0.95,1.6
26/06/2015,RON,270,0.91,1.56
25/06/2015,RON,270,0.91,1.56
24/06/2015,RON,270,0.92,1.57
23/06/2015,RON,270,0.94,1.59
22/06/2015,RON,270,0.93,1.58
19/06/2015,RON,270,0.92,1.57
18/06/2015,RON,270,0.91,1.56
17/06/2015,RON,270,0.9,1.55
16/06/2015,RON,270,0.9,1.55
15/06/2015,RON,270,0.89,1.54
12/6/2015,RON,270,0.9,1.55
11/6/2015,RON,270,0.9,1.55
10/6/2015,RON,270,0.91,1.56
9/6/2015,RON,270,0.91,1.56
8/6/2015,RON,270,0.92,1.57
5/6/2015,RON,270,0.91,1.56
4/6/2015,RON,270,0.91,1.56
3/6/2015,RON,270,0.91,1.56
2/6/2015,RON,270,0.9,1.55
29/05/2015,RON,270,0.9,1.55
28/05/2015,RON,270,0.9,1.55
27/05/2015,RON,270,0.92,1.57
26/05/2015,RON,270,0.93,1.58
25/05/2015,RON,270,0.94,1.59
22/05/2015,RON,270,0.94,1.59
21/05/2015,RON,270,0.95,1.6
20/05/2015,RON,270,0.95,1.6
19/05/2015,RON,270,0.95,1.6
18/05/2015,RON,270,0.95,1.6
15/05/2015,RON,270,0.95,1.6
14/05/2015,RON,270,0.95,1.6
13/05/2015,RON,270,0.96,1.61
12/5/2015,RON,270,0.97,1.62
11/5/2015,RON,270,0.98,1.63
8/5/2015,RON,270,0.98,1.63
7/5/2015,RON,270,0.99,1.64
6/5/2015,RON,270,1,1.65
5/5/2015,RON,270,1.01,1.66
4/5/2015,RON,270,1.01,1.66
30/04/2015,RON,270,1.01,1.66
29/04/2015,RON,270,1.01,1.66
28/04/2015,RON,270,1.01,1.66
27/04/2015,RON,270,1,1.65
24/04/2015,RON,270,1,1.65
23/04/2015,RON,270,1,1.65
22/04/2015,RON,270,1,1.65
21/04/2015,RON,270,0.96,1.61
20/04/2015,RON,270,0.95,1.6
17/04/2015,RON,270,0.96,1.61
16/04/2015,RON,270,0.96,1.61
15/04/2015,RON,270,0.96,1.61
14/04/2015,RON,270,0.97,1.63
10/4/2015,RON,270,0.97,1.65
9/4/2015,RON,270,0.98,1.66
8/4/2015,RON,270,1,1.68
7/4/2015,RON,270,1.01,1.69
6/4/2015,RON,270,1.01,1.69
3/4/2015,RON,270,1.01,1.69
2/4/2015,RON,270,1.01,1.69
1/4/2015,RON,270,1.01,1.69
31/03/2015,RON,270,1.01,1.69
30/03/2015,RON,270,1,1.68
27/03/2015,RON,270,1.05,1.73
26/03/2015,RON,270,1,1.65
25/03/2015,RON,270,0.98,1.6
24/03/2015,RON,270,0.98,1.6
23/03/2015,RON,270,0.98,1.6
20/03/2015,RON,270,0.98,1.6
19/03/2015,RON,270,0.98,1.6
18/03/2015,RON,270,0.99,1.61
17/03/2015,RON,270,0.98,1.61
16/03/2015,RON,270,0.98,1.63
13/03/2015,RON,270,0.99,1.64
12/3/2015,RON,270,1,1.65
11/3/2015,RON,270,0.99,1.64
10/3/2015,RON,270,1,1.65
9/3/2015,RON,270,1,1.65
6/3/2015,RON,270,0.96,1.64
5/3/2015,RON,270,0.97,1.65
4/3/2015,RON,270,0.98,1.68
3/3/2015,RON,270,0.98,1.68
2/3/2015,RON,270,0.98,1.68
27/02/2015,RON,270,0.99,1.69
26/02/2015,RON,270,0.99,1.69
25/02/2015,RON,270,0.99,1.69
24/02/2015,RON,270,0.99,1.69
23/02/2015,RON,270,0.99,1.69
20/02/2015,RON,270,0.96,1.66
19/02/2015,RON,270,0.99,1.69
18/02/2015,RON,270,1.03,1.73
17/02/2015,RON,270,1,1.7
16/02/2015,RON,270,1.05,1.75
13/02/2015,RON,270,0.99,1.69
12/2/2015,RON,270,1.02,1.72
11/2/2015,RON,270,1.05,1.75
10/2/2015,RON,270,1.01,1.71
9/2/2015,RON,270,0.99,1.69
6/2/2015,RON,270,0.99,1.69
5/2/2015,RON,270,0.99,1.69
4/2/2015,RON,270,1.02,1.77
3/2/2015,RON,270,1.02,1.77
2/2/2015,RON,270,1.05,1.8
30/01/2015,RON,270,1.07,1.82
29/01/2015,RON,270,1.1,1.85
28/01/2015,RON,270,1.1,1.85
27/01/2015,RON,270,1.1,1.85
26/01/2015,RON,270,1.11,1.86
23/01/2015,RON,270,1.14,1.89
22/01/2015,RON,270,1.14,1.89
21/01/2015,RON,270,1.14,1.89
20/01/2015,RON,270,1.15,1.9
19/01/2015,RON,270,1.15,1.9
16/01/2015,RON,270,1.16,1.91
15/01/2015,RON,270,1.15,1.9
14/01/2015,RON,270,1.15,1.9
13/01/2015,RON,270,1.15,1.9
12/1/2015,RON,270,1.15,1.9
9/1/2015,RON,270,1.15,1.9
8/1/2015,RON,270,1.2,1.95
7/1/2015,RON,270,1.25,2
6/1/2015,RON,270,1.27,2.02
5/1/2015,RON,270,1.28,2.03
31/12/2014,RON,270,1.3,2.05
30/12/2014,RON,270,1.3,2.05
29/12/2014,RON,270,1.3,2.05
24/12/2014,RON,270,1.3,2.05
23/12/2014,RON,270,1.31,2.06
22/12/2014,RON,270,1.32,2.07
19/12/2014,RON,270,1.33,2.08
18/12/2014,RON,270,1.33,2.08
17/12/2014,RON,270,1.34,2.09
16/12/2014,RON,270,1.33,2.08
15/12/2014,RON,270,1.28,2.03
12/12/2014,RON,270,1.25,2
20/02/2017,RON,360,0.71,1.23
17/02/2017,RON,360,0.71,1.23
16/02/2017,RON,360,0.7,1.22
15/02/2017,RON,360,0.7,1.22
14/02/2017,RON,360,0.69,1.21
13/02/2017,RON,360,0.69,1.21
10/2/2017,RON,360,0.69,1.21
9/2/2017,RON,360,0.69,1.21
8/2/2017,RON,360,0.69,1.21
7/2/2017,RON,360,0.7,1.22
6/2/2017,RON,360,0.72,1.24
3/2/2017,RON,360,0.74,1.26
2/2/2017,RON,360,0.75,1.27
1/2/2017,RON,360,0.72,1.24
31/01/2017,RON,360,0.69,1.21
30/01/2017,RON,360,0.69,1.21
27/01/2017,RON,360,0.69,1.21
26/01/2017,RON,360,0.69,1.21
25/01/2017,RON,360,0.69,1.21
23/01/2017,RON,360,0.69,1.21
20/01/2017,RON,360,0.69,1.21
19/01/2017,RON,360,0.69,1.21
18/01/2017,RON,360,0.69,1.21
17/01/2017,RON,360,0.7,1.22
16/01/2017,RON,360,0.7,1.22
13/01/2017,RON,360,0.7,1.22
12/1/2017,RON,360,0.67,1.19
11/1/2017,RON,360,0.67,1.19
10/1/2017,RON,360,0.67,1.19
9/1/2017,RON,360,0.67,1.19
6/1/2017,RON,360,0.67,1.19
5/1/2017,RON,360,0.67,1.19
4/1/2017,RON,360,0.68,1.2
3/1/2017,RON,360,0.68,1.2
30/12/2016,RON,360,0.68,1.2
29/12/2016,RON,360,0.68,1.2
28/12/2016,RON,360,0.68,1.2
27/12/2016,RON,360,0.69,1.21
23/12/2016,RON,360,0.69,1.21
22/12/2016,RON,360,0.68,1.2
21/12/2016,RON,360,0.67,1.19
20/12/2016,RON,360,0.67,1.19
19/12/2016,RON,360,0.66,1.18
16/12/2016,RON,360,0.65,1.17
15/12/2016,RON,360,0.61,1.13
14/12/2016,RON,360,0.61,1.13
13/12/2016,RON,360,0.61,1.13
12/12/2016,RON,360,0.61,1.13
9/12/2016,RON,360,0.61,1.13
8/12/2016,RON,360,0.61,1.13
7/12/2016,RON,360,0.61,1.13
6/12/2016,RON,360,0.61,1.13
5/12/2016,RON,360,0.6,1.12
2/12/2016,RON,360,0.6,1.12
29/11/2016,RON,360,0.6,1.12
28/11/2016,RON,360,0.6,1.12
25/11/2016,RON,360,0.6,1.12
24/11/2016,RON,360,0.6,1.12
23/11/2016,RON,360,0.6,1.12
22/11/2016,RON,360,0.6,1.12
21/11/2016,RON,360,0.6,1.12
18/11/2016,RON,360,0.6,1.12
17/11/2016,RON,360,0.6,1.12
16/11/2016,RON,360,0.6,1.12
15/11/2016,RON,360,0.58,1.1
14/11/2016,RON,360,0.58,1.1
11/11/2016,RON,360,0.56,1.07
10/11/2016,RON,360,0.55,1.06
9/11/2016,RON,360,0.55,1.06
8/11/2016,RON,360,0.55,1.06
7/11/2016,RON,360,0.55,1.06
4/11/2016,RON,360,0.55,1.06
3/11/2016,RON,360,0.55,1.06
2/11/2016,RON,360,0.55,1.06
1/11/2016,RON,360,0.55,1.06
31/10/2016,RON,360,0.55,1.06
28/10/2016,RON,360,0.55,1.06
27/10/2016,RON,360,0.55,1.06
26/10/2016,RON,360,0.55,1.06
25/10/2016,RON,360,0.55,1.06
24/10/2016,RON,360,0.55,1.06
21/10/2016,RON,360,0.55,1.06
20/10/2016,RON,360,0.55,1.06
19/10/2016,RON,360,0.55,1.06
18/10/2016,RON,360,0.55,1.06
17/10/2016,RON,360,0.55,1.06
14/10/2016,RON,360,0.55,1.06
13/10/2016,RON,360,0.55,1.06
12/10/2016,RON,360,0.55,1.06
11/10/2016,RON,360,0.55,1.06
10/10/2016,RON,360,0.55,1.06
7/10/2016,RON,360,0.55,1.06
6/10/2016,RON,360,0.55,1.06
5/10/2016,RON,360,0.55,1.06
4/10/2016,RON,360,0.55,1.06
3/10/2016,RON,360,0.55,1.06
30/09/2016,RON,360,0.57,1.08
29/09/2016,RON,360,0.57,1.08
28/09/2016,RON,360,0.57,1.08
27/09/2016,RON,360,0.57,1.08
26/09/2016,RON,360,0.58,1.09
23/09/2016,RON,360,0.58,1.09
22/09/2016,RON,360,0.58,1.09
21/09/2016,RON,360,0.58,1.09
20/09/2016,RON,360,0.59,1.1
19/09/2016,RON,360,0.59,1.1
16/09/2016,RON,360,0.59,1.1
15/09/2016,RON,360,0.59,1.1
14/09/2016,RON,360,0.59,1.1
13/09/2016,RON,360,0.59,1.1
12/9/2016,RON,360,0.59,1.1
9/9/2016,RON,360,0.59,1.1
8/9/2016,RON,360,0.59,1.11
7/9/2016,RON,360,0.58,1.11
6/9/2016,RON,360,0.58,1.11
5/9/2016,RON,360,0.58,1.11
2/9/2016,RON,360,0.58,1.12
1/9/2016,RON,360,0.58,1.13
31/08/2016,RON,360,0.58,1.13
30/08/2016,RON,360,0.58,1.13
29/08/2016,RON,360,0.58,1.13
26/08/2016,RON,360,0.58,1.13
25/08/2016,RON,360,0.59,1.14
24/08/2016,RON,360,0.59,1.14
23/08/2016,RON,360,0.59,1.14
22/08/2016,RON,360,0.59,1.14
19/08/2016,RON,360,0.59,1.14
18/08/2016,RON,360,0.6,1.15
17/08/2016,RON,360,0.61,1.16
16/08/2016,RON,360,0.61,1.16
12/8/2016,RON,360,0.62,1.17
11/8/2016,RON,360,0.62,1.17
10/8/2016,RON,360,0.63,1.18
9/8/2016,RON,360,0.63,1.18
8/8/2016,RON,360,0.63,1.2
5/8/2016,RON,360,0.63,1.2
4/8/2016,RON,360,0.63,1.2
3/8/2016,RON,360,0.63,1.2
2/8/2016,RON,360,0.63,1.2
1/8/2016,RON,360,0.63,1.2
29/07/2016,RON,360,0.63,1.2
28/07/2016,RON,360,0.63,1.2
27/07/2016,RON,360,0.64,1.21
26/07/2016,RON,360,0.64,1.21
25/07/2016,RON,360,0.64,1.21
22/07/2016,RON,360,0.64,1.21
21/07/2016,RON,360,0.64,1.21
20/07/2016,RON,360,0.63,1.2
19/07/2016,RON,360,0.64,1.21
18/07/2016,RON,360,0.63,1.18
15/07/2016,RON,360,0.62,1.17
14/07/2016,RON,360,0.61,1.16
13/07/2016,RON,360,0.6,1.15
12/7/2016,RON,360,0.6,1.15
11/7/2016,RON,360,0.6,1.15
8/7/2016,RON,360,0.6,1.15
7/7/2016,RON,360,0.63,1.18
6/7/2016,RON,360,0.63,1.18
5/7/2016,RON,360,0.63,1.19
4/7/2016,RON,360,0.63,1.2
1/7/2016,RON,360,0.64,1.21
30/06/2016,RON,360,0.64,1.21
29/06/2016,RON,360,0.65,1.22
28/06/2016,RON,360,0.65,1.22
27/06/2016,RON,360,0.65,1.22
24/06/2016,RON,360,0.65,1.22
23/06/2016,RON,360,0.61,1.17
22/06/2016,RON,360,0.61,1.17
21/06/2016,RON,360,0.61,1.17
17/06/2016,RON,360,0.61,1.17
16/06/2016,RON,360,0.6,1.16
15/06/2016,RON,360,0.6,1.16
14/06/2016,RON,360,0.6,1.16
13/06/2016,RON,360,0.6,1.16
10/6/2016,RON,360,0.6,1.16
9/6/2016,RON,360,0.6,1.16
8/6/2016,RON,360,0.6,1.16
7/6/2016,RON,360,0.6,1.16
6/6/2016,RON,360,0.6,1.16
3/6/2016,RON,360,0.6,1.16
2/6/2016,RON,360,0.6,1.16
1/6/2016,RON,360,0.6,1.16
31/05/2016,RON,360,0.6,1.16
30/05/2016,RON,360,0.6,1.16
27/05/2016,RON,360,0.6,1.17
26/05/2016,RON,360,0.6,1.17
25/05/2016,RON,360,0.6,1.18
24/05/2016,RON,360,0.6,1.18
23/05/2016,RON,360,0.6,1.18
20/05/2016,RON,360,0.6,1.18
19/05/2016,RON,360,0.6,1.18
18/05/2016,RON,360,0.6,1.18
17/05/2016,RON,360,0.6,1.19
16/05/2016,RON,360,0.6,1.2
13/05/2016,RON,360,0.6,1.2
12/5/2016,RON,360,0.6,1.2
11/5/2016,RON,360,0.6,1.2
10/5/2016,RON,360,0.6,1.2
9/5/2016,RON,360,0.6,1.2
6/5/2016,RON,360,0.6,1.2
5/5/2016,RON,360,0.6,1.2
4/5/2016,RON,360,0.6,1.2
3/5/2016,RON,360,0.59,1.19
29/04/2016,RON,360,0.59,1.19
28/04/2016,RON,360,0.59,1.19
27/04/2016,RON,360,0.59,1.19
26/04/2016,RON,360,0.59,1.19
25/04/2016,RON,360,0.59,1.19
22/04/2016,RON,360,0.59,1.19
21/04/2016,RON,360,0.59,1.19
20/04/2016,RON,360,0.59,1.19
19/04/2016,RON,360,0.59,1.19
18/04/2016,RON,360,0.59,1.19
15/04/2016,RON,360,0.6,1.2
14/04/2016,RON,360,0.59,1.19
13/04/2016,RON,360,0.59,1.19
12/4/2016,RON,360,0.59,1.19
11/4/2016,RON,360,0.59,1.19
8/4/2016,RON,360,0.59,1.19
7/4/2016,RON,360,0.59,1.19
6/4/2016,RON,360,0.59,1.19
5/4/2016,RON,360,0.59,1.19
4/4/2016,RON,360,0.59,1.19
1/4/2016,RON,360,0.6,1.2
31/03/2016,RON,360,0.59,1.19
30/03/2016,RON,360,0.59,1.19
29/03/2016,RON,360,0.59,1.19
28/03/2016,RON,360,0.59,1.19
25/03/2016,RON,360,0.59,1.19
24/03/2016,RON,360,0.59,1.19
23/03/2016,RON,360,0.59,1.19
22/03/2016,RON,360,0.59,1.19
21/03/2016,RON,360,0.59,1.19
18/03/2016,RON,360,0.59,1.19
17/03/2016,RON,360,0.59,1.19
16/03/2016,RON,360,0.59,1.19
15/03/2016,RON,360,0.58,1.18
14/03/2016,RON,360,0.57,1.17
11/3/2016,RON,360,0.57,1.17
10/3/2016,RON,360,0.57,1.17
9/3/2016,RON,360,0.57,1.17
8/3/2016,RON,360,0.57,1.17
7/3/2016,RON,360,0.57,1.17
4/3/2016,RON,360,0.57,1.17
3/3/2016,RON,360,0.57,1.17
2/3/2016,RON,360,0.56,1.16
1/3/2016,RON,360,0.56,1.16
29/02/2016,RON,360,0.56,1.16
26/02/2016,RON,360,0.56,1.16
25/02/2016,RON,360,0.55,1.15
24/02/2016,RON,360,0.55,1.15
23/02/2016,RON,360,0.55,1.15
22/02/2016,RON,360,0.55,1.15
19/02/2016,RON,360,0.55,1.15
18/02/2016,RON,360,0.55,1.15
17/02/2016,RON,360,0.55,1.15
16/02/2016,RON,360,0.55,1.15
15/02/2016,RON,360,0.55,1.15
12/2/2016,RON,360,0.55,1.15
11/2/2016,RON,360,0.55,1.15
10/2/2016,RON,360,0.55,1.15
9/2/2016,RON,360,0.55,1.15
8/2/2016,RON,360,0.54,1.14
5/2/2016,RON,360,0.55,1.15
4/2/2016,RON,360,0.65,1.25
3/2/2016,RON,360,0.67,1.27
2/2/2016,RON,360,0.67,1.27
1/2/2016,RON,360,0.7,1.3
29/01/2016,RON,360,0.7,1.3
28/01/2016,RON,360,0.72,1.37
27/01/2016,RON,360,0.72,1.37
26/01/2016,RON,360,0.72,1.32
25/01/2016,RON,360,0.8,1.4
22/01/2016,RON,360,0.8,1.4
21/01/2016,RON,360,0.8,1.4
20/01/2016,RON,360,0.8,1.4
19/01/2016,RON,360,0.8,1.4
18/01/2016,RON,360,0.85,1.45
15/01/2016,RON,360,0.86,1.46
14/01/2016,RON,360,0.86,1.46
13/01/2016,RON,360,0.86,1.46
12/1/2016,RON,360,0.88,1.48
11/1/2016,RON,360,0.89,1.5
8/1/2016,RON,360,0.9,1.52
7/1/2016,RON,360,0.89,1.51
6/1/2016,RON,360,0.89,1.52
5/1/2016,RON,360,0.89,1.52
4/1/2016,RON,360,0.9,1.53
31/12/2015,RON,360,0.9,1.53
30/12/2015,RON,360,0.9,1.53
29/12/2015,RON,360,0.9,1.53
28/12/2015,RON,360,0.9,1.53
24/12/2015,RON,360,0.9,1.53
23/12/2015,RON,360,0.9,1.53
22/12/2015,RON,360,0.9,1.53
21/12/2015,RON,360,0.9,1.53
18/12/2015,RON,360,0.9,1.53
17/12/2015,RON,360,0.9,1.53
16/12/2015,RON,360,0.9,1.53
15/12/2015,RON,360,0.9,1.53
14/12/2015,RON,360,0.9,1.53
11/12/2015,RON,360,0.9,1.53
10/12/2015,RON,360,0.9,1.53
9/12/2015,RON,360,0.9,1.53
8/12/2015,RON,360,0.9,1.53
7/12/2015,RON,360,0.9,1.53
4/12/2015,RON,360,0.9,1.53
3/12/2015,RON,360,0.9,1.53
2/12/2015,RON,360,0.9,1.53
27/11/2015,RON,360,0.9,1.53
26/11/2015,RON,360,0.9,1.53
25/11/2015,RON,360,0.9,1.53
24/11/2015,RON,360,0.9,1.53
23/11/2015,RON,360,0.9,1.53
20/11/2015,RON,360,0.9,1.53
19/11/2015,RON,360,0.9,1.53
18/11/2015,RON,360,0.9,1.53
17/11/2015,RON,360,0.9,1.53
16/11/2015,RON,360,0.9,1.53
13/11/2015,RON,360,0.9,1.53
12/11/2015,RON,360,0.9,1.54
11/11/2015,RON,360,0.92,1.56
10/11/2015,RON,360,0.95,1.59
9/11/2015,RON,360,0.95,1.59
6/11/2015,RON,360,0.95,1.59
5/11/2015,RON,360,0.95,1.59
4/11/2015,RON,360,0.95,1.59
3/11/2015,RON,360,0.95,1.59
2/11/2015,RON,360,0.96,1.6
30/10/2015,RON,360,0.97,1.61
29/10/2015,RON,360,0.97,1.61
28/10/2015,RON,360,0.98,1.62
27/10/2015,RON,360,0.99,1.64
26/10/2015,RON,360,1,1.65
23/10/2015,RON,360,1.03,1.68
22/10/2015,RON,360,1.03,1.68
21/10/2015,RON,360,1.03,1.68
20/10/2015,RON,360,1.03,1.68
19/10/2015,RON,360,1.03,1.68
16/10/2015,RON,360,1.03,1.67
15/10/2015,RON,360,1.03,1.67
14/10/2015,RON,360,1.04,1.69
13/10/2015,RON,360,1.04,1.69
12/10/2015,RON,360,1.04,1.69
9/10/2015,RON,360,1.04,1.69
8/10/2015,RON,360,1.05,1.7
7/10/2015,RON,360,1.05,1.7
6/10/2015,RON,360,1.07,1.72
5/10/2015,RON,360,1.08,1.73
2/10/2015,RON,360,1.09,1.74
1/10/2015,RON,360,1.09,1.74
30/09/2015,RON,360,1.09,1.74
29/09/2015,RON,360,1.09,1.74
28/09/2015,RON,360,1.08,1.73
25/09/2015,RON,360,1.08,1.73
24/09/2015,RON,360,1.08,1.73
23/09/2015,RON,360,1.08,1.73
22/09/2015,RON,360,1.08,1.73
21/09/2015,RON,360,1.08,1.73
18/09/2015,RON,360,1.08,1.73
17/09/2015,RON,360,1.08,1.73
16/09/2015,RON,360,1.08,1.73
15/09/2015,RON,360,1.08,1.73
14/09/2015,RON,360,1.08,1.73
11/9/2015,RON,360,1.08,1.73
10/9/2015,RON,360,1.08,1.73
9/9/2015,RON,360,1.08,1.73
8/9/2015,RON,360,1.08,1.73
7/9/2015,RON,360,1.08,1.73
4/9/2015,RON,360,1.08,1.73
3/9/2015,RON,360,1.08,1.73
2/9/2015,RON,360,1.09,1.74
1/9/2015,RON,360,1.09,1.74
31/08/2015,RON,360,1.07,1.72
28/08/2015,RON,360,1.06,1.71
27/08/2015,RON,360,1.05,1.7
26/08/2015,RON,360,1.01,1.66
25/08/2015,RON,360,1.01,1.66
24/08/2015,RON,360,1.01,1.66
21/08/2015,RON,360,1,1.65
20/08/2015,RON,360,1,1.65
19/08/2015,RON,360,0.99,1.64
18/08/2015,RON,360,0.99,1.64
17/08/2015,RON,360,0.99,1.64
14/08/2015,RON,360,1,1.65
13/08/2015,RON,360,1,1.65
12/8/2015,RON,360,1,1.65
11/8/2015,RON,360,1,1.65
10/8/2015,RON,360,1,1.65
7/8/2015,RON,360,1,1.65
6/8/2015,RON,360,1.01,1.66
5/8/2015,RON,360,1,1.65
4/8/2015,RON,360,0.99,1.64
3/8/2015,RON,360,0.98,1.63
31/07/2015,RON,360,0.99,1.64
30/07/2015,RON,360,0.99,1.64
29/07/2015,RON,360,0.98,1.63
28/07/2015,RON,360,0.98,1.63
27/07/2015,RON,360,0.98,1.63
24/07/2015,RON,360,0.98,1.63
23/07/2015,RON,360,0.98,1.63
22/07/2015,RON,360,0.99,1.64
21/07/2015,RON,360,0.99,1.64
20/07/2015,RON,360,0.99,1.64
17/07/2015,RON,360,1,1.65
16/07/2015,RON,360,1,1.65
15/07/2015,RON,360,1,1.65
14/07/2015,RON,360,1,1.65
13/07/2015,RON,360,1,1.65
10/7/2015,RON,360,1,1.65
9/7/2015,RON,360,1,1.65
8/7/2015,RON,360,1,1.65
7/7/2015,RON,360,1,1.65
6/7/2015,RON,360,1,1.65
3/7/2015,RON,360,0.99,1.64
2/7/2015,RON,360,0.99,1.64
1/7/2015,RON,360,0.99,1.64
30/06/2015,RON,360,1,1.65
29/06/2015,RON,360,0.98,1.63
26/06/2015,RON,360,0.94,1.59
25/06/2015,RON,360,0.94,1.59
24/06/2015,RON,360,0.95,1.6
23/06/2015,RON,360,0.95,1.6
22/06/2015,RON,360,0.94,1.59
19/06/2015,RON,360,0.93,1.58
18/06/2015,RON,360,0.92,1.57
17/06/2015,RON,360,0.91,1.56
16/06/2015,RON,360,0.91,1.56
15/06/2015,RON,360,0.9,1.55
12/6/2015,RON,360,0.91,1.56
11/6/2015,RON,360,0.91,1.56
10/6/2015,RON,360,0.92,1.57
9/6/2015,RON,360,0.92,1.57
8/6/2015,RON,360,0.93,1.58
5/6/2015,RON,360,0.92,1.57
4/6/2015,RON,360,0.92,1.57
3/6/2015,RON,360,0.92,1.57
2/6/2015,RON,360,0.91,1.56
29/05/2015,RON,360,0.91,1.56
28/05/2015,RON,360,0.91,1.56
27/05/2015,RON,360,0.93,1.58
26/05/2015,RON,360,0.94,1.59
25/05/2015,RON,360,0.95,1.6
22/05/2015,RON,360,0.95,1.6
21/05/2015,RON,360,0.95,1.6
20/05/2015,RON,360,0.95,1.6
19/05/2015,RON,360,0.95,1.6
18/05/2015,RON,360,0.95,1.6
15/05/2015,RON,360,0.95,1.6
14/05/2015,RON,360,0.95,1.6
13/05/2015,RON,360,0.96,1.61
12/5/2015,RON,360,0.98,1.63
11/5/2015,RON,360,0.99,1.64
8/5/2015,RON,360,0.99,1.64
7/5/2015,RON,360,0.99,1.64
6/5/2015,RON,360,1,1.65
5/5/2015,RON,360,1.01,1.66
4/5/2015,RON,360,1.01,1.66
30/04/2015,RON,360,1.01,1.66
29/04/2015,RON,360,1.01,1.66
28/04/2015,RON,360,1.01,1.66
27/04/2015,RON,360,1,1.65
24/04/2015,RON,360,1,1.65
23/04/2015,RON,360,1,1.65
22/04/2015,RON,360,1,1.65
21/04/2015,RON,360,0.98,1.63
20/04/2015,RON,360,0.97,1.62
17/04/2015,RON,360,0.97,1.62
16/04/2015,RON,360,0.97,1.62
15/04/2015,RON,360,0.98,1.63
14/04/2015,RON,360,0.98,1.64
10/4/2015,RON,360,0.98,1.66
9/4/2015,RON,360,0.99,1.67
8/4/2015,RON,360,1,1.68
7/4/2015,RON,360,1.03,1.71
6/4/2015,RON,360,1.01,1.69
3/4/2015,RON,360,1.01,1.69
2/4/2015,RON,360,1.01,1.69
1/4/2015,RON,360,1.01,1.69
31/03/2015,RON,360,1.01,1.69
30/03/2015,RON,360,1,1.68
27/03/2015,RON,360,1.05,1.74
26/03/2015,RON,360,1,1.65
25/03/2015,RON,360,0.98,1.6
24/03/2015,RON,360,0.98,1.6
23/03/2015,RON,360,0.98,1.6
20/03/2015,RON,360,0.98,1.6
19/03/2015,RON,360,0.98,1.6
18/03/2015,RON,360,1,1.62
17/03/2015,RON,360,0.99,1.62
16/03/2015,RON,360,0.99,1.64
13/03/2015,RON,360,0.99,1.64
12/3/2015,RON,360,1,1.65
11/3/2015,RON,360,0.99,1.64
10/3/2015,RON,360,1,1.65
9/3/2015,RON,360,1,1.65
6/3/2015,RON,360,0.97,1.65
5/3/2015,RON,360,0.97,1.65
4/3/2015,RON,360,0.98,1.68
3/3/2015,RON,360,0.98,1.68
2/3/2015,RON,360,0.98,1.68
27/02/2015,RON,360,1,1.7
26/02/2015,RON,360,1,1.7
25/02/2015,RON,360,1,1.7
24/02/2015,RON,360,0.99,1.69
23/02/2015,RON,360,0.99,1.69
20/02/2015,RON,360,0.96,1.66
19/02/2015,RON,360,1,1.7
18/02/2015,RON,360,1.03,1.73
17/02/2015,RON,360,1,1.7
16/02/2015,RON,360,1.05,1.75
13/02/2015,RON,360,0.99,1.69
12/2/2015,RON,360,1.02,1.72
11/2/2015,RON,360,1.05,1.75
10/2/2015,RON,360,1.01,1.71
9/2/2015,RON,360,0.99,1.69
6/2/2015,RON,360,0.99,1.69
5/2/2015,RON,360,1,1.7
4/2/2015,RON,360,1.05,1.8
3/2/2015,RON,360,1.06,1.81
2/2/2015,RON,360,1.07,1.82
30/01/2015,RON,360,1.07,1.82
29/01/2015,RON,360,1.1,1.85
28/01/2015,RON,360,1.1,1.85
27/01/2015,RON,360,1.11,1.86
26/01/2015,RON,360,1.11,1.86
23/01/2015,RON,360,1.15,1.9
22/01/2015,RON,360,1.15,1.9
21/01/2015,RON,360,1.14,1.89
20/01/2015,RON,360,1.15,1.9
19/01/2015,RON,360,1.15,1.9
16/01/2015,RON,360,1.16,1.91
15/01/2015,RON,360,1.15,1.9
14/01/2015,RON,360,1.15,1.9
13/01/2015,RON,360,1.15,1.9
12/1/2015,RON,360,1.15,1.9
9/1/2015,RON,360,1.15,1.9
8/1/2015,RON,360,1.2,1.95
7/1/2015,RON,360,1.25,2
6/1/2015,RON,360,1.28,2.03
5/1/2015,RON,360,1.29,2.04
31/12/2014,RON,360,1.3,2.05
30/12/2014,RON,360,1.3,2.05
29/12/2014,RON,360,1.3,2.05
24/12/2014,RON,360,1.3,2.05
23/12/2014,RON,360,1.31,2.06
22/12/2014,RON,360,1.32,2.07
19/12/2014,RON,360,1.33,2.08
18/12/2014,RON,360,1.33,2.08
17/12/2014,RON,360,1.34,2.09
16/12/2014,RON,360,1.33,2.08
15/12/2014,RON,360,1.28,2.03
12/12/2014,RON,360,1.25,2
